9jack9,t5_6,-1
AngryFuckingAtheist,t5_6,-14
AngryWaiter,t5_2fwo,-2
AngryWaiter,t5_mouw,-8
AunSanSuuKyi,t5_2cneq,-4
BadBoyNDSU,t5_2cneq,-2
BeZany,t5_6,-1
Bodie1550,t5_6,-1
Bogtha,t5_mouw,-1
BonzoESC,t5_2fwo,-5
BravoLima,t5_2cneq,-6
CountRob,t5_2cneq,-35
Dinglefarmer,t5_6,-16
DirkStolli,t5_2cneq,-3
DiskoVilante,t5_2fwo,-8
DrDorkus,t5_2fwo,-1
Droviin,t5_2cneq,-1
Eugi,t5_2cneq,-9
Eugi,t5_2fwo,-4
FamousMortimer,t5_6,-1
Fidodo,t5_2fwo,-1
George_Bush,t5_2fwo,-11
GrayOne,t5_6,-3
Hate,t5_mouw,-2
HeroicLife,t5_2cneq,-2
HotBBQ,t5_2cneq,-4
IConrad,t5_mouw,-1
IIGrudge,t5_2fwo,-18
Iskanderul,t5_6,-5
J-Ro,t5_6,-3
JUSTREDD,t5_6,-9
JakeShadee,t5_2fwo,-2
JamesF,t5_2fwo,-1
JimJones,t5_6,-3
Kardlonoc,t5_mouw,-7
KatieR10381,t5_6,-4
Loop1024,t5_mouw,-6
Lyrad1000,t5_6,-3
M0b1u5,t5_2cneq,-1
MadMark,t5_6,-19
Misio,t5_2cneq,-1
Misio,t5_6,-4
Misio,t5_mouw,-25
MooseGoggles,t5_2cneq,-13
MrLove,t5_6,-3
NancyGracesTesticles,t5_2cneq,-59
Nikola_S,t5_mouw,-1
NoMoreNicksLeft,t5_6,-15
NoodleMan,t5_6,-16
Omikron,t5_2cneq,-3
PENIS_PUMP,t5_6,-3
PieMaster,t5_6,-1
Quel,t5_2cneq,-1
QuinnFazigu,t5_mouw,-1
RICKARD5,t5_6,-5
ROIGuy,t5_6,-1
Redfel,t5_2cneq,-1
ReligiousTurd,t5_2cneq,-1
RogersLeap,t5_6,-8
Slikkster,t5_6,-1
Slipgrid,t5_6,-2
SwellJoe,t5_6,-1
Turiteneli,t5_6,-12
VoodooIdol,t5_2cneq,-2
Worstcasescenario,t5_6,-2
XS4Me,t5_2cneq,-1
Zorak,t5_2fwo,-1
_red,t5_2cneq,-2
a9a,t5_2fwo,-13
aktufe,t5_6,-3
api,t5_2fwo,-2
api,t5_6,-1
aprilhall,t5_6,-1
atozand1to10,t5_2fwo,-12
aylafrance,t5_6,-1
b34nz,t5_6,-6
beathead,t5_6,-1
benwad,t5_6,-4
berlinbrown,t5_2fwo,-1
berlinbrown,t5_mouw,-2
bhaller,t5_6,-2
bicycle_repair_man,t5_6,-9
bigstevec,t5_2cneq,-2
bitwize,t5_6,-1
bizo,t5_6,-1
bmorris,t5_2cneq,-2
bonefry,t5_2fwo,-12
brad-walker,t5_2fwo,-21
brstilson,t5_6,-5
brstilson,t5_mouw,-6
brunt,t5_6,-3
bsterne,t5_2fwo,-10
byronsucks,t5_mouw,-6
cantastoria,t5_6,-4
cartooncorpse,t5_mouw,-4
ceesaxp,t5_2fwo,-4
cia_plant,t5_2fwo,-1
contrarian,t5_6,-23
cowbellthunder,t5_6,-4
crashingthrough,t5_mouw,-1
create,t5_6,-3
cypherx,t5_2cneq,-3
d42,t5_2cneq,-6
dalbert,t5_6,-2
danielbuchanan,t5_6,-5
danweber,t5_6,-29
davidvincent2,t5_2fwo,-5
dcooper8,t5_6,-2
death2hypocrisy,t5_2cneq,-2
degustibus,t5_2cneq,-1
degustiwtfijustregis,t5_6,-2
deuteros,t5_2cneq,-5
diatribal2,t5_mouw,-3
did_it_for_the_lulz,t5_2cneq,-3
did_it_for_the_lulz,t5_mouw,-6
dkaz,t5_6,-1
dobaman,t5_6,-4
dsandler,t5_mouw,-12
dwillington,t5_2cneq,-1
eleitl,t5_6,-1
elguercoterco,t5_6,-5
elliottcable,t5_2fwo,-2
fakepaycheckstubs,t5_6,-1
falseprophet,t5_2cneq,-6
feces,t5_2fwo,-13
feces,t5_vf2,-4
firemillen2,t5_mouw,-9
flushing_goldfish,t5_2fwo,-6
fmota,t5_6,-1
forgetwest,t5_2cneq,-3
frogster2,t5_6,-3
geeeeoffff,t5_2cneq,-15
gmnotyet,t5_mouw,-8
goreisgay,t5_6,-25
h-town,t5_2cneq,-1
h0dg3s,t5_6,-11
h2gofast,t5_2cneq,-8
happierr,t5_6,-1
haywire,t5_vf2,-1
hockeyschtick,t5_2cneq,-2
hukedonfonix,t5_2fwo,-4
huxtiblejones,t5_2cneq,-13
ifindstuff,t5_2cneq,-111
ifindstuff,t5_6,-4
illuminatedwax,t5_2cneq,-13
imbaczek,t5_2fwo,-4
inglislumpy,t5_mouw,-1
isawthiscoming,t5_6,-1
ivrydov,t5_6,-2
jamiemccarthy,t5_2cneq,-10
jasonivers,t5_6,-2
jaybal,t5_6,-2
jazmynmarie,t5_6,-1
jbstjohn,t5_2fwo,-1
jcache,t5_2cneq,-236
jcache,t5_6,-5
jeanfitzgerald,t5_6,-25
jeanlucpikachu,t5_2qgzg,-1
jeanlucpikachu,t5_mouw,-1
jerechos,t5_2cneq,-1
jlbraun,t5_2cneq,-1
jnk,t5_6,-2
joe90210,t5_6,-7
jones77,t5_mouw,-1
jsnx,t5_6,-6
kbedell,t5_2cneq,-2
kkrev,t5_mouw,-2
kokey,t5_2fwo,-8
kp2575,t5_6,-1
krelian,t5_6,-1
lil-me,t5_6,-7
link2zelda,t5_6,-6
ljl430,t5_6,-5
load_more_comments,t5_6,-5
louis_xiv42,t5_6,-7
m1k3yc,t5_2fwo,-3
majorincubus67,t5_2cneq,-5
manthrax,t5_2cneq,-6
marglexx,t5_2fwo,-1
marm0lade,t5_2qgzy,-8
marthirial,t5_6,-16
mashael,t5_6,-1
mattbarclay,t5_6,-2
mazman23,t5_2cneq,-14
mbuf,t5_6,-5
mcm69,t5_6,-2
mejusthavin,t5_6,-1
miamuy,t5_6,-1
mikaelhg,t5_2cneq,-4
mikey2600,t5_mouw,-1
modulus,t5_6,-1
mrmojorisingi,t5_6,-1
mycall,t5_6,-2
neoform2,t5_mouw,-8
noamsml,t5_21n6,-1
notor,t5_6,-26
noury-goujjane,t5_6,-7
nwootten,t5_6,-3
osipov,t5_mouw,-7
oska,t5_2cneq,-1
otrov77,t5_vf2,-2
ovi256,t5_6,-23
paro,t5_6,-12
pastafaria,t5_2cneq,-1
penlies,t5_6,-2
pkrumins,t5_mouw,-1
podRZA,t5_mouw,-2
potsy,t5_2fwo,-1
pras,t5_6,-12
psilokan,t5_6,-10
psrivats,t5_6,-1
qwe1234,t5_2fwo,-71
rafuzo2,t5_2cneq,-9
ratzero,t5_6,-2
rds260,t5_2cneq,-16
reddit_dissenter,t5_2cneq,-10
reddit_dissenter,t5_mouw,-2
reddit_doe,t5_2cneq,-2
redditcensoredme,t5_2fwo,-1
redditcensoredme,t5_mouw,-17
redditnoob,t5_2fwo,-5
redog,t5_2cneq,-6
reed311,t5_2cneq,-11
reeetort,t5_6,-5
reetort,t5_6,-3
rexsilex,t5_6,-5
rmcrob,t5_2cneq,-1
rollingdivision,t5_2cneq,-25
rotll,t5_6,-5
sarib,t5_6,-2
sgholt,t5_6,-1
shiner_man,t5_2cneq,-65
shortarmed,t5_2cneq,-4
sjbaue,t5_6,-3
slaur,t5_6,-12
slimdizzy,t5_2fwo,-1
smakusdod,t5_6,-1
spotcatbug,t5_2fwo,-2
starfox863,t5_6,-5
sti3,t5_6,-4
stopit,t5_6,-15
supaphly42,t5_mouw,-1
surfwax95,t5_mouw,-5
sw32,t5_6,-1
temporaryaccount,t5_2fwo,-1
tfp,t5_2fwo,-3
thatswhatshesaid,t5_mouw,-1
the_wondering_jew,t5_2fwo,-5
toastofallnations,t5_2cneq,-5
tomjen,t5_6,-1
tomjen,t5_mouw,-24
trasean,t5_6,-1
treebright,t5_vf2,-1
trengbu,t5_2cneq,-4
turkourjurbs,t5_mouw,-1
twinklestar2007,t5_mouw,-2
twoodfin,t5_2fwo,-14
typical_reddit_user,t5_2cneq,-12
typical_reddit_user,t5_6,-37
ubuntuedgy,t5_2fwo,-6
veganbikepunk,t5_6,-9
viglen,t5_2cneq,-1
warsawpact,t5_6,-3
wartexmaul,t5_6,-11
zeroelixis,t5_6,-2
zhokuai,t5_6,-15
zxcvcxz,t5_vf2,-4
zxpetra,t5_mouw,-1
