author,subreddit_id,ups
--GOD--,t5_2cneq,1
02J,t5_2cneq,1
10-Dec,t5_6,3
128bit,t5_6,1
1weblord,t5_6,1
24hnews,t5_6,1
25462y7asdfh,t5_6,29
2mentors,t5_6,1
2stupid,t5_6,1
3our,t5_6,1
48klocs,t5_2fwo,16
4skin,t5_6,1
4x4,t5_2qgzy,1
4x4,t5_6,2
54gy6dm,t5_6,7
54gy6dm,t5_mouw,4
5mile741,t5_6,1
60MinuteMan,t5_2cneq,15
60MinuteMan,t5_6,41
60secs,t5_2cneq,1
6Pins,t5_6,1
711was_a_retail_job,t5_6,33
711was_a_retail_job,t5_mouw,5
786yht,t5_6,12
7oby,t5_2cneq,1
7oby,t5_6,11
867uht,t5_6,1
88chen,t5_6,2
911_was_an_insidejob,t5_2cneq,0
911_was_an_insidejob,t5_6,28
9jack9,t5_2fwo,0
9jack9,t5_6,-1
ABentSpoon,t5_2fwo,2
ABentSpoon,t5_6,2
AJCG,t5_6,1
AM088,t5_2h84o,2
AM088,t5_6,10
AMCalhoun123,t5_6,1
AbouBenAdhem,t5_2cneq,7
AbouBenAdhem,t5_2fwo,32
AbouBenAdhem,t5_6,86
AbouBenAdhem,t5_mouw,24
AdamAtlas,t5_2cneq,24
AdamAtlas,t5_6,8
AdamJacobMuller,t5_6,1
AdmiralDave,t5_2cneq,35
Adstare,t5_6,2
Aegeus,t5_6,3
Aerek,t5_6,2
Aerik,t5_6,7
Agathos,t5_2fwo,2
Akonda,t5_6,2
AlDente,t5_6,79
AladdinSane,t5_6,19
AladdinSane,t5_mouw,2
AlanCrowe,t5_2cneq,1
AlanCrowe,t5_6,1
AlanaPerez,t5_6,1
AlexKay,t5_2qgzy,1
AlexKucera,t5_2qh0f,1
AmrakteG,t5_6,39
AndrewO,t5_2fwo,2
AndyBeard,t5_6,96
AngledLuffa,t5_2cneq,2
AngledLuffa,t5_6,28
AngledLuffa,t5_mouw,10
AngryFuckingAtheist,t5_6,-14
AngryProfessor,t5_2cneq,9
AngryProfessor,t5_2fwo,8
AngryRepublican,t5_2cneq,0
AngryRepublican,t5_6,19
AngryWaiter,t5_2cneq,8
AngryWaiter,t5_2fwo,-2
AngryWaiter,t5_6,28
AngryWaiter,t5_mouw,-8
Anita8B3,t5_6,24
AnteChronos,t5_2cneq,1
AnteChronos,t5_6,96
AnteChronos,t5_mouw,23
Antebios,t5_6,9
Antebios,t5_mouw,2
Anticipation,t5_6,1
ArcticCelt,t5_6,11
Arkaein,t5_2fwo,1
Arkonnan,t5_2cneq,1
ArmpitWit,t5_2fwo,8
ArtSelf,t5_2cneq,3
ArtSelf,t5_6,0
Arve,t5_2fwo,22
Arve,t5_6,58
Asbradley21,t5_6,10
Athas,t5_2fwo,4
AunSanSuuKyi,t5_2cneq,-4
Autoclave,t5_6,26
AvianMonkeyVirus,t5_2cneq,3
Avocadoes,t5_6,1
Azr43L,t5_6,2
B-Con,t5_6,1
BBMainsequence,t5_6,1
BFinuc,t5_6,1
BIPPER,t5_6,1
BMErdin,t5_6,1
BaD1985,t5_6,10
BadBoyNDSU,t5_2cneq,-2
BadBoyNDSU,t5_6,5
Bagel,t5_6,1
Bamrz,t5_6,22
BastiX,t5_2fwo,24
BastiX,t5_6,12
BeZany,t5_6,-1
Beagle17,t5_6,1
BeatnikDude,t5_2cneq,3
BeerRiot,t5_6,8
BeetleB,t5_2fwo,0
Bestman0,t5_2cneq,22
BigCliff,t5_6,2
BingoJ,t5_6,10
BioGeek,t5_2fwo,7
BioGeek,t5_6,27
Bjork,t5_6,2
BlackPocket,t5_6,11
Blackheart,t5_6,1
Bloodlustt,t5_2cneq,17
Bloodlustt,t5_6,11
Bloodlustt,t5_mouw,12
Bobsickle,t5_6,1
Bodhi1,t5_2cneq,1
Bodie1550,t5_6,-1
Bogtha,t5_2cneq,17
Bogtha,t5_2fwo,84
Bogtha,t5_2h84o,2
Bogtha,t5_6,40
Bogtha,t5_mouw,-1
BondRewards,t5_2qh0f,3
Bonmondo1,t5_6,0
BonzoESC,t5_2fwo,-5
Boomhaurer,t5_6,1
Bored,t5_2cneq,1
Bored,t5_6,6
Borkachev,t5_6,18
BraveSirRobin,t5_2cneq,4
BraveSirRobin,t5_6,105
BravoLima,t5_2cneq,-6
BravoLima,t5_6,6
Breeze99,t5_2cneq,45
Brian,t5_2fwo,12
BrianBoyko,t5_2cneq,0
BrianNowhere,t5_6,5
BridgeBum,t5_6,15
Brillig,t5_6,1
BrkneS,t5_6,43
BubbaJimbo,t5_2cneq,0
Burlapin,t5_6,1
CNBemis,t5_mouw,1
CRUE,t5_6,2
Cactus44,t5_vf2,2
CaffiendCA,t5_6,8
CalvinR,t5_6,11
CamelTap,t5_6,27
CampusTour,t5_2cneq,29
CampusTour,t5_6,2
CannedMango,t5_2cneq,37
CannedMango,t5_6,6
CaptainJesusHood,t5_2cneq,6
CaptainJesusHood,t5_6,3
CaptainJesusHood,t5_mouw,0
Captainfidget,t5_6,1
CarlH,t5_2fwo,5
CarlH,t5_6,32
Carypr,t5_6,1
Caseyfern,t5_6,1
Cataclysm,t5_6,10
CaveMike,t5_2fwo,24
ChagrinRiddle,t5_2cneq,2
Chakat_Sanddancer,t5_2fwo,5
Cheapskate,t5_2qh0f,1
Cheech_420,t5_6,1
ChinaWatcher,t5_2qgzg,1
Chris2048,t5_6,2
ChrisRathman,t5_2fwo,5
Christophe,t5_6,14
Clanc,t5_2cneq,2
Clanc,t5_6,1
CoastOfYemen,t5_2cneq,2
CoastOfYemen,t5_6,14
CoastOfYemen,t5_mouw,1
CodeMonkey1,t5_2cneq,18
CodeMonkey1,t5_6,1
Codebender,t5_2cneq,11
Codebender,t5_6,99
Coffee_Apocalypse,t5_6,4
ColdSnickersBar,t5_6,5
Coloradofire,t5_2cneq,45
ComplexEmergency,t5_6,22
ComplexEmergency,t5_mouw,1
ConsciousPilot,t5_2cneq,18
CoolDragon,t5_2cneq,13
CoolDragon,t5_6,1
CoolDragon,t5_mouw,31
CountRob,t5_2cneq,-35
CountRob,t5_6,4
CrackIsGoodForYou,t5_6,26
Cratos,t5_6,47
CrimsonSun99,t5_2cneq,3
Cyrius,t5_2cneq,5
Cyrius,t5_6,2
D-Style,t5_6,2
DD32,t5_2fwo,2
DEGUSTISTOPLOGOUT,t5_6,0
DKKat,t5_2fwo,3
DOGA,t5_6,8
DRMacIver,t5_2fwo,27
DSinclair,t5_2cneq,34
DTanner,t5_6,60
DV2,t5_6,1
Dagur,t5_mouw,8
Daishiman,t5_2fwo,2
Damrey,t5_2cneq,17
DanAndJenn,t5_6,2
DanTilkin,t5_6,4
Danceswithwires,t5_6,3
Dark-Star,t5_2cneq,6
Dark-Star,t5_6,13
Dark-Star,t5_mouw,35
DatingDiva,t5_6,1
DaveBr,t5_2fwo,4
DaveBr,t5_6,110
DavidM01,t5_2cneq,0
DavidM01,t5_2fwo,1
DavidM01,t5_6,1
DaylightAtheism,t5_6,1
Dazed_and_confused,t5_6,0
DeBurgo,t5_mouw,20
Deacon,t5_2cneq,56
Deacon,t5_6,6
Deacon,t5_mouw,15
Decumanus,t5_2cneq,19
Decumanus,t5_6,8
Defektiv,t5_6,0
DerMetzgermeister,t5_6,2
DiffeeOnline,t5_6,2
Dillenger69,t5_2cneq,12
Dillenger69,t5_mouw,0
Dinglefarmer,t5_6,-16
DirkStolli,t5_2cneq,-3
DirkStolli,t5_6,0
DirtySouth,t5_2cneq,11
DirtySouth,t5_6,113
DiscoWolf,t5_6,1
DiskoVilante,t5_2cneq,45
DiskoVilante,t5_2fwo,-8
DiskoVilante,t5_6,145
DiskoVilante,t5_mouw,7
Doc_Lee,t5_2cneq,30
DocmanCC,t5_6,25
Doctor,t5_6,0
DoctorVenkman,t5_6,6
Doppelganger,t5_2cneq,5
Doppelganger,t5_6,1
DoubleDown,t5_6,3
DrDorkus,t5_2fwo,-1
DrDorkus,t5_6,0
DrJosh,t5_6,3
DrScott,t5_6,3
Dred,t5_2cneq,1
Dred,t5_6,6
DrewInBalto,t5_2cneq,0
Dross,t5_2cneq,0
Droviin,t5_2cneq,-1
DudeAsInCool,t5_2cneq,4
DudeAsInCool,t5_6,2
Dyyne,t5_mouw,1
E3K,t5_6,14
Ecrivaine33,t5_6,1
EggCoroner,t5_6,2
Ehran,t5_6,2
Eigard,t5_6,1
Eightbitlife,t5_2fwo,31
El_Colombo10,t5_6,15
ElectricSol,t5_2cneq,8
ElectricSol,t5_6,2
ElectricSol,t5_mouw,1
EliAndrewC,t5_2fwo,4
Emrecall,t5_6,2
Enlightenment777,t5_6,0
Entropy,t5_2fwo,14
Erf,t5_6,1
Ermenwyr,t5_2fwo,9
EssJayEff,t5_2fwo,10
Estha,t5_6,2
Etab,t5_6,65
Eugi,t5_2cneq,-9
Eugi,t5_2fwo,-4
Eugi,t5_6,56
EventHorizon,t5_6,1
EwanG,t5_mouw,3
ExplodingBob,t5_6,7
FANGO,t5_2cneq,3
FANGO,t5_6,20
FMERCURY,t5_2cneq,1
FMERCURY,t5_6,18
FST,t5_6,9
FTR,t5_6,2
FamousMortimer,t5_2cneq,2
FamousMortimer,t5_6,-1
FarmerPete,t5_6,3
Fat_Dumb_Americans,t5_6,216
FataL,t5_2fwo,1
FataL,t5_6,2
Fauster,t5_6,1
Fazookus,t5_6,2
FellowConspirator,t5_2fwo,9
Fidodo,t5_2fwo,-1
Fidodo,t5_6,1
Figs,t5_2fwo,1
Figs,t5_6,2
FilleAmericain,t5_2cneq,2
FilleAmericain,t5_6,3
FilleAmericain,t5_mouw,2
FindAnyTips,t5_2qgzg,1
Fireball,t5_6,2
FizZle,t5_mouw,3
Flame0001,t5_6,12
Flemlord,t5_2cneq,47
Flemlord,t5_6,36
Flower2112,t5_2cneq,13
Flupkear,t5_6,32
Fork82,t5_2fwo,2
Fork82,t5_mouw,3
FrancisC,t5_2cneq,1
FrancisC,t5_6,2
FrankBlack,t5_2cneq,1
FrankBlack,t5_6,3
FreedomForever,t5_6,7
Fucknut,t5_6,1
FunnyMan3595,t5_6,34
FunnyMan3595,t5_mouw,1
GJtheMahler,t5_6,1
Gargilius,t5_2cneq,1
Gargilius,t5_6,48
Gash77,t5_2fwo,1
Gash77,t5_6,1
Geminize,t5_6,2
GeoAtreides,t5_6,1
GeorgeWBush,t5_mouw,0
George_Bush,t5_2cneq,24
George_Bush,t5_2fwo,-11
George_Bush,t5_6,90
George_Bush,t5_mouw,2
GerardMcGarry,t5_6,0
Gibbwake,t5_2cneq,20
Gibbwake,t5_6,4
Glushakoff,t5_6,1
Godspiral,t5_2fwo,3
Goeran,t5_6,10
GoldfishInAJar,t5_2cneq,4
GoldfishInAJar,t5_6,11
Gotebe,t5_2fwo,25
Gotebe,t5_6,38
GrayOne,t5_6,-3
GrayOne,t5_mouw,7
Greengages,t5_2cneq,16
Greengages,t5_6,18
Greengages,t5_mouw,5
Grim_Chook,t5_2qh03,2
GrrlScientist,t5_mouw,2
Grue,t5_2fwo,4
Grue,t5_6,44
GrumpySimon,t5_6,5
GustoGaiden,t5_2qh03,7
H3g3m0n,t5_2fwo,1
H3g3m0n,t5_6,6
HFh,t5_2cneq,4
HFh,t5_2fwo,6
HandsOffTheNet,t5_6,1
HappyOne,t5_6,1
HardwareLust,t5_2cneq,0
HardwareLust,t5_6,9
Hate,t5_6,4
Hate,t5_mouw,-2
Haven,t5_2cneq,1
Haven,t5_6,81
Haven,t5_mouw,1
Heow,t5_2fwo,12
HereBeDragons,t5_mouw,1
HeroicLife,t5_2cneq,-2
HextorFreebish,t5_6,9
HeywoodJablowme,t5_6,12
HiggsBoson,t5_6,6
Hilko,t5_6,2
Hindu_Wardrobe,t5_6,1
Hiroshi777,t5_6,0
HiyooyiH,t5_6,1
Honeymaid,t5_2cneq,0
Hoodwink,t5_2cneq,1
Hoodwink,t5_6,3
HotBBQ,t5_2cneq,-4
HotBBQ,t5_6,11
Hubso,t5_6,9
HumanSockPuppet,t5_6,150
HumanSockPuppet,t5_mouw,7
HuoMaKe,t5_2cneq,11
HuoMaKe,t5_6,7
IAMIAM,t5_6,3
IConrad,t5_6,6
IConrad,t5_mouw,-1
IHaveAnIdea,t5_2fwo,70
IHaveAnIdea,t5_6,24
IHaveAnIdea,t5_mouw,14
IHaveAnIdea,t5_vf2,10
IIGrudge,t5_2fwo,-18
IIGrudge,t5_2qh03,1
IIGrudge,t5_6,34
IIGrudge,t5_mouw,4
IKbot,t5_2fwo,22
IKbot,t5_6,4
IVIAuric,t5_2cneq,6
IVIAuric,t5_6,38
IVIAuric,t5_mouw,1
I_lost_my_username,t5_6,60
Ian1971,t5_6,1
IbegTOdiffer,t5_6,6
Ickypoopy,t5_6,10
Illah,t5_6,6
ImporterExporter,t5_6,4
Independent,t5_2cneq,192
Independent,t5_2fwo,3
Independent,t5_2qgzg,1
Independent,t5_6,53
Independent,t5_mouw,1
Inverter,t5_2fwo,5
IrishJoe,t5_2cneq,11
IronWolve,t5_6,3
IrrigatedPancake,t5_2cneq,3
IrrigatedPancake,t5_6,4
Iskanderul,t5_6,-5
Islay12ut,t5_6,1
Isvara,t5_6,6
ItsAConspiracy,t5_mouw,1
IvyMike,t5_2cneq,17
IvyMike,t5_6,82
J-Ro,t5_2cneq,83
J-Ro,t5_6,-3
JCOrion,t5_6,1
JJFO,t5_6,37
JJFO,t5_mouw,2
JMenHome,t5_2qgzg,0
JUSTREDD,t5_6,-9
JW_00000,t5_2fwo,2
JackV,t5_6,1
Jacob9532,t5_6,2
Jagula,t5_6,2
Jahorse8,t5_6,2
JakeShadee,t5_2fwo,-2
JamesF,t5_2fwo,-1
James_Johnson,t5_6,2
JasonDJ,t5_2cneq,3
JasonDJ,t5_6,17
JayGatsby11,t5_6,2
JeanneS,t5_6,2
JenM,t5_6,4
JenniP,t5_2qgzy,2
JennyMorman,t5_6,6
JeremyStein,t5_2cneq,2
JeremyStein,t5_6,10
JesusXP,t5_6,1
JibberGeorge,t5_6,1
JimJones,t5_6,-3
Jimmy,t5_6,3
Jivlain,t5_2cneq,2
Jivlain,t5_6,30
JoeCollege,t5_6,8
JollyJeff,t5_2fwo,1
Jonathan_the_Nerd,t5_2fwo,13
Jonathan_the_Nerd,t5_6,9
Jonny0stars,t5_6,7
Joseppi,t5_2cneq,2
Joss,t5_6,9
Judithanne,t5_mouw,1
JulianMorrison,t5_2cneq,21
JulianMorrison,t5_6,21
JulianMorrison,t5_mouw,34
Kaelos,t5_22i2,1
Kaelos,t5_6,3
Kaer,t5_6,9
Kaizyn,t5_2fwo,4
Kardlonoc,t5_2fwo,1
Kardlonoc,t5_6,101
Kardlonoc,t5_mouw,-7
KatieR10381,t5_6,-4
Kayin_Angel,t5_2cneq,1
KazamaSmokers,t5_2cneq,75
KazamaSmokers,t5_2fwo,1
KazamaSmokers,t5_6,51
Kenser,t5_6,50
KeyserSosa,t5_2fwo,7
Khook,t5_2qgzg,1
KiddieFiddler,t5_6,68
Killawatt,t5_2cneq,2
KingNothing,t5_2cneq,1
KingNothing,t5_6,1
Kitsunemisao,t5_6,6
Kolibri,t5_6,2
Korollary,t5_2fwo,3
Kratoz,t5_6,5
Kropula,t5_6,0
Ksero,t5_2cneq,1
Ksero,t5_6,1
Ksilebo,t5_6,2
KyndCulture,t5_6,2
LWRellim,t5_2cneq,3
Ladarzak,t5_6,8
LarryLard,t5_2fwo,6
Latch,t5_6,1
LazarusDubois,t5_6,2
LeLe1985,t5_6,6
Leadquest,t5_6,1
Lee_Nukes,t5_6,1
Lenna,t5_6,2
LeonidWA,t5_2fwo,8
Leprecon,t5_6,14
LiberalHippies2,t5_2cneq,6
LifeNomad,t5_2cneq,31
LifeNomad,t5_6,6
LilGator,t5_6,1
LiquidHAL,t5_6,23
Lizard,t5_6,1
Loop1024,t5_mouw,-6
Loozmotion,t5_2cneq,2
LordFoom,t5_6,2
LordSlashstab,t5_2cneq,2
LordZodd,t5_6,39
LordZodd,t5_mouw,27
LouFigs13,t5_mouw,3
LoveGoblin,t5_2cneq,3
LoveGoblin,t5_6,190
LowFuel,t5_2qh03,2
Lucretius,t5_6,9
Lucretius,t5_mouw,4
LudoA,t5_6,8
Lumarin,t5_6,6
Lungs,t5_mouw,1
Lupus,t5_2fwo,1
LuxOFlux,t5_2fwo,0
Lylepalooza,t5_2h84o,1
Lylepalooza,t5_6,2
Lyrad1000,t5_6,-3
M0b1u5,t5_2cneq,-1
M0b1u5,t5_6,42
M0b1u5,t5_mouw,3
MACHETERO,t5_6,1
MHarrison,t5_6,1
MMX,t5_2cneq,10
Ma8e,t5_vf2,3
Ma_chine,t5_2cneq,2
MachinShin2006,t5_2fwo,9
MachinShin2006,t5_6,1
MadMark,t5_6,-19
MadMastaZ,t5_vf2,10
Mad_Gouki,t5_6,2
MagicWishMonkey,t5_2cneq,7
MagicWishMonkey,t5_6,2
MagicWishMonkey,t5_mouw,8
Magical_Trevor,t5_6,51
MarkByers,t5_2cneq,8
MarkByers,t5_2fwo,6
MarkByers,t5_6,96
MarlonBain,t5_2cneq,51
MarlonBain,t5_6,17
MarlonBain,t5_mouw,4
Marlzzz,t5_6,2
MarshallBanana,t5_2fwo,5
MarshallBanana,t5_2h84o,2
MarshallBanana,t5_6,628
MarshallBanana,t5_mouw,20
MattD,t5_6,3
Mattie,t5_2fwo,7
MaxL1,t5_6,2
McHoff,t5_2fwo,20
Megasphaera,t5_6,1
MelechRic,t5_2fwo,28
Melmoth,t5_6,1
Midwest_Product,t5_6,47
MikeCapone,t5_6,15
MikeSeth,t5_6,8
Mikkis,t5_2qgzg,2
MillardFillmore,t5_6,6
MillardFillmore,t5_mouw,2
MindLeadersUK,t5_6,1
Misio,t5_2cneq,-1
Misio,t5_2fwo,32
Misio,t5_6,-4
Misio,t5_mouw,-25
MisterEggs,t5_6,18
MisterEggs,t5_mouw,4
MisterMerkin,t5_6,44
Mithryn,t5_2cneq,3
MobilePhoneGeek,t5_2qh0f,1
Mofme,t5_6,165
Mofme,t5_vf2,2
Moonglum,t5_6,1
MooseGoggles,t5_2cneq,-13
Mop,t5_2cneq,1
MoreInStore,t5_2qgzg,3
MoreInStore,t5_6,5
MoreInStore,t5_mouw,0
Morgin_Black,t5_6,16
MrLove,t5_6,-3
MrWhite,t5_2cneq,4
MrWhite,t5_6,10
Mr_Belding,t5_6,1
Mr_Smartypants,t5_2cneq,3
Mr_Smartypants,t5_2fwo,18
Mr_Smartypants,t5_2qh03,1
Mr_Smartypants,t5_6,297
Mr_Smartypants,t5_mouw,29
MrszBreezyBabi17,t5_6,1
MsIkerous,t5_6,1
Muleburner,t5_6,6
Murry999,t5_2fwo,1
MyaloMark,t5_2cneq,14
MyaloMark,t5_6,31
MyrddinE,t5_2cneq,4
MyrddinE,t5_2fwo,1
MyrddinE,t5_6,17
Mythrilfan,t5_2cneq,17
Mythrilfan,t5_6,8
NRSC,t5_2cneq,2
NSNick,t5_6,1
NUDITY,t5_mouw,2
Nabisco,t5_2qgzg,1
NakedTonyDanza,t5_6,7
NancyGracesTesticles,t5_2cneq,-59
NancyGracesTesticles,t5_6,8
NancyGracesTesticles,t5_mouw,11
Narcotic,t5_6,8
NastyConde,t5_2fwo,38
NastyConde,t5_6,159
NastyConde,t5_mouw,71
Nate_W,t5_6,15
Nefelia,t5_6,1
NeonCobra,t5_6,1
Neoncow,t5_2fwo,16
Neoncow,t5_6,5
NewSc2,t5_2cneq,1
NewSc2,t5_6,2
Nexum,t5_2fwo,26
Nick1958,t5_6,1
Nikola_S,t5_2fwo,6
Nikola_S,t5_6,47
Nikola_S,t5_mouw,-1
NilObject,t5_2cneq,2
NilObject,t5_6,3
Nimbus2000,t5_6,3
Nimish,t5_6,0
Ninwa,t5_2fwo,6
Niten,t5_6,69
NitsujTPU,t5_2cneq,18
NitsujTPU,t5_2fwo,18
NitsujTPU,t5_6,1
Niuk,t5_6,23
NoHandle,t5_2cneq,20
NoMoreNicksLeft,t5_2cneq,56
NoMoreNicksLeft,t5_6,-15
NoMoreNicksLeft,t5_mouw,0
NoMoreNicksLeft,t5_vf2,7
Nomikos,t5_6,2
NoodleMan,t5_6,-16
NoodleMan,t5_mouw,92
NoodlyAppendage,t5_6,4
NurseGirl,t5_6,54
Nyxiad,t5_6,6
OMouse,t5_2fwo,20
OMouse,t5_vf2,1
Oak,t5_2cneq,4
Oak,t5_6,226
Obie,t5_6,1
Odysseus,t5_2cneq,6
Odysseus,t5_6,11
Odysseus,t5_mouw,5
OhSoliloquy,t5_6,2
OldGuy53,t5_2qh0f,1
Omikron,t5_2cneq,-3
Omikron,t5_6,14
OrangePlus,t5_2cneq,1
OrangePlus,t5_2fwo,1
OrangePlus,t5_6,5
OriginalSyn,t5_2cneq,2
OriginalSyn,t5_6,26
OsakaWilson,t5_2cneq,1
Othello,t5_2cneq,0
Othello,t5_6,22
OttoVonBismarkk,t5_6,6
PABeachBum,t5_6,6
PATITA,t5_mouw,1
PENIS_PUMP,t5_6,-3
Paciser,t5_6,1
Paisleyfrog,t5_6,1
Pakars,t5_6,11
Pavlik,t5_6,1
Percept,t5_6,30
Percept,t5_mouw,1
Philluminati,t5_2fwo,2
Philluminati,t5_6,1
PieMaster,t5_6,-1
Pinecone,t5_6,5
PixelMagic,t5_2cneq,2
PixelMagic,t5_6,13
PixelMagic,t5_mouw,13
PollM,t5_6,3
Poromenos,t5_2fwo,7
Poromenos,t5_6,124
PossibleMat,t5_2fwo,1
Pregnant12,t5_6,2
PrincessCake,t5_6,60
PrincessCake,t5_mouw,4
Princez,t5_6,1
Prorogue,t5_6,6
Prosody,t5_2cneq,1
ProximaC,t5_2cneq,14
ProximaC,t5_6,193
ProximaC,t5_mouw,8
Prysorra,t5_2cneq,10
Prysorra,t5_6,52
Prysorra,t5_mouw,1
Psy-Kosh,t5_6,7
PuP5,t5_2cneq,15
Pub1ius,t5_2cneq,10
Purp,t5_6,16
Quarterly_Prophet,t5_6,1
Qubed,t5_6,11
Quel,t5_2cneq,-1
Quel,t5_6,6
QuinnFazigu,t5_2cneq,10
QuinnFazigu,t5_2fwo,10
QuinnFazigu,t5_6,50
QuinnFazigu,t5_mouw,-1
Qwirk,t5_6,1
REBELYELLoz,t5_6,43
RICKARD5,t5_6,-5
ROIGuy,t5_6,-1
RSquared,t5_6,11
RaldisPuppet,t5_6,6
RaldisPuppet,t5_mouw,22
RckmRobot,t5_2qgzt,6
RckmRobot,t5_6,5
RckmRobot,t5_mouw,2
Recoil42,t5_mouw,15
Redfel,t5_2cneq,-1
Redfel,t5_6,1
ReelTalk,t5_2qh0f,2
Reg_Spyder,t5_6,8
ReiToei,t5_2fwo,1
ReiToei,t5_6,5
Reliant,t5_6,29
ReligiousTurd,t5_2cneq,-1
Reporter,t5_2cneq,1
RetroRock,t5_6,1
RevLoveJoy,t5_2fwo,0
RevLoveJoy,t5_6,17
Rhoomba,t5_2fwo,12
RichardPeterJohnson,t5_6,14
Richeh,t5_6,2
Ricker500,t5_2qgzg,1
Ricker500,t5_2qh03,1
Rido777,t5_6,1
Ringo48,t5_2fwo,4
Riovanes,t5_6,2
RobinReborn,t5_2cneq,6
RobinReborn,t5_mouw,1
RogersLeap,t5_6,-8
RogueJediX,t5_2qh03,4
Rolliwer,t5_2qh0f,2
RonObvious,t5_2cneq,1
RonObvious,t5_6,108
Ronnn,t5_6,1
RudyGiuliani,t5_2cneq,149
RudyGiuliani,t5_6,4
RugerRedhawk,t5_6,19
RussWellen,t5_2cneq,3
RussWellen,t5_6,2
S7evyn,t5_2cneq,0
S7evyn,t5_2qh03,1
S7evyn,t5_6,28
SHOGUN08,t5_6,4
STATSatMASON,t5_6,1
Sadik,t5_6,6
Samaal,t5_6,4
Samus_,t5_2fwo,2
Sanpnr,t5_2qh0f,4
SarahHealy,t5_6,1
Sauwan,t5_mouw,1
Schwallex,t5_2cneq,18
Schwallex,t5_6,65
Schwallex,t5_mouw,2
ScrewDriver,t5_6,3
Seele,t5_2fwo,1
Segovax,t5_2cneq,1
Sephian,t5_2cneq,9
Sergey9,t5_6,1
Shaper_pmp,t5_2cneq,2
Shaper_pmp,t5_6,104
Shiggityx2,t5_6,11
Shiggityx2,t5_mouw,2
Shooter,t5_2fwo,2
Silentio,t5_2cneq,3
Silentio,t5_6,0
SimonGray,t5_6,12
Sirened,t5_6,5
SkeuomorphEphemeron,t5_2fwo,29
SkeuomorphEphemeron,t5_6,16
Slacher,t5_6,2
Slacher,t5_mouw,0
Sle,t5_6,39
Slikkster,t5_6,-1
Slipgrid,t5_2cneq,15
Slipgrid,t5_2fwo,2
Slipgrid,t5_6,-2
Snay,t5_6,2
Snoron,t5_2fwo,6
Snoron,t5_6,31
Snowballed,t5_6,2
Snowspot,t5_2cneq,6
Soapybubble,t5_2cneq,1
Soapybubble,t5_6,23
SohumB,t5_6,0
SolidTips,t5_6,1
Solitarian,t5_6,1
Sonic06,t5_6,1
Soul_Rebel,t5_6,2
Spacksack,t5_2cneq,1
Spacksack,t5_6,66
Spankypoo,t5_6,13
Spell,t5_2qh03,1
Spell,t5_6,2
SpikeWolfwood,t5_6,1
SpikeWolfwood,t5_mouw,33
SpungoMcBungo,t5_6,6
SquirrelOnFire,t5_2fwo,5
Steph_C,t5_mouw,1
SteveAM1,t5_6,1
StoneMe,t5_6,38
Stooby,t5_2cneq,30
Stopher,t5_2fwo,10
Stormflux,t5_2cneq,5
Stormflux,t5_6,13
StvYzerman,t5_6,1
Subashini3880,t5_6,1
Sukoshi,t5_2fwo,12
SuperGrade,t5_2fwo,65
SuperKing,t5_6,10
Supposably,t5_6,1
Surfer51,t5_2cneq,1
Surfer51,t5_6,6
SwellJoe,t5_2cneq,3
SwellJoe,t5_2fwo,3
SwellJoe,t5_6,-1
Swiggy,t5_mouw,16
T-man,t5_2fwo,7
TH3_Dude,t5_6,2
TKN,t5_2fwo,26
Tack122,t5_6,7
Tack122,t5_mouw,45
Taladar,t5_2cneq,2
Taladar,t5_2fwo,5
Taladar,t5_6,18
Taladar,t5_mouw,3
Telluride12,t5_6,0
Telluride12,t5_mouw,1
TexasCanuck,t5_6,4
TexasCanuck,t5_vf2,5
ThaiTai,t5_6,7
TheAutophobe,t5_mouw,0
TheCleric,t5_2fwo,9
TheColonel,t5_6,15
TheCookieMonster,t5_mouw,4
TheLoneBeaver,t5_2cneq,3
TheManWithNoName,t5_6,4
TheNoxx,t5_2cneq,4
TheNoxx,t5_6,22
TheSOB88,t5_6,13
TheSOB88,t5_mouw,29
TheScut,t5_2qgzy,1
TheUberDork,t5_2cneq,1
TheWama,t5_2cneq,1
Them,t5_2cneq,2
Them,t5_6,103
Them,t5_mouw,3
Thimble,t5_2cneq,7
Thimble,t5_2fwo,12
Thimble,t5_6,8
Thimble,t5_mouw,3
ThinkItOver,t5_6,3
ThomasPtacek,t5_2fwo,8
Thraxamer,t5_mouw,2
ThreadKiller,t5_6,36
Thumperings,t5_6,74
ThunderPreacher,t5_6,13
Tiarlynn,t5_2cneq,2
Tiarlynn,t5_6,4
Tinidril,t5_2fwo,0
Tinidril,t5_6,34
Tiny_Elvis,t5_mouw,1
Tokugawa,t5_2cneq,5
TomP,t5_2fwo,1
Tommahhh,t5_21n6,2
Tommahhh,t5_2fwo,79
Tommahhh,t5_6,20
Tommstein,t5_2fwo,3
Tommstein,t5_6,2
TonyReaves,t5_6,11
Top,t5_2cneq,17
Top,t5_6,25
TopOBopYop,t5_mouw,2
TopherT,t5_2cneq,1
Topper_1,t5_6,1
Tordek,t5_2fwo,1
TrishaMacmillan,t5_6,46
TrollchanDotOrg,t5_6,228
Tsen,t5_6,11
Turiteneli,t5_6,-12
TurtleEater,t5_6,3
TwoToke,t5_2cneq,3
TwoToke,t5_2qh0f,1
TwoToke,t5_6,184
TwoToke,t5_mouw,311
UKDave,t5_2qgzg,1
Uggy,t5_6,18
UmberGryphon,t5_2cneq,5
UmberGryphon,t5_6,1
UncleOxidant,t5_2fwo,36
UncleOxidant,t5_2qgzg,1
UncleOxidant,t5_6,85
Up2Eleven,t5_6,1
Useless,t5_6,3
VCavallo,t5_6,46
VCavallo,t5_mouw,1
VCavallo,t5_vf2,2
VERSA365,t5_6,1
Valter,t5_6,1
Vash265,t5_2cneq,1
Vash265,t5_6,20
Vash265,t5_mouw,5
VerticalWindows,t5_6,11
Vesonos,t5_6,0
VoodooIdol,t5_2cneq,-2
VoodooIdol,t5_2qh03,0
VoodooIdol,t5_6,89
VoodooIdol,t5_mouw,29
VulturE,t5_2cneq,3
VulturE,t5_6,6
Vystril,t5_6,2
WallPhone,t5_1rqwi,1
WallPhone,t5_2fwo,4
WallPhone,t5_6,5
WantonDistraction,t5_2cneq,8
WantonDistraction,t5_6,2
Web_Weasel,t5_2cneq,8
Web_Weasel,t5_2fwo,7
Web_Weasel,t5_6,6
Wendel,t5_2cneq,1
Wenix,t5_6,4
WerewolvesRancheros,t5_6,39
WerewolvesRancheros,t5_mouw,53
WhatTheFuck,t5_6,1
WhirlingVortex,t5_6,2
Whisper,t5_2cneq,13
Whisper,t5_2fwo,3
Whisper,t5_6,69
Whisper,t5_mouw,2
WhiteAdmiral,t5_6,44
Wickerchair,t5_6,1
WildYams,t5_6,5
WildYams,t5_mouw,1
Wisco,t5_2cneq,1
Wisco,t5_6,2
Wittgenstein_Re,t5_2fwo,3
Worstcasescenario,t5_6,-2
Wriiight,t5_6,10
Wriston,t5_2cneq,0
XS4Me,t5_2cneq,-1
XS4Me,t5_6,2
Xert,t5_6,4
Xiol,t5_6,11
Xiphorian,t5_2fwo,2
Xtal,t5_6,52
Xtal,t5_mouw,1
YJ2k2,t5_2cneq,1
YaoPau,t5_2cneq,0
Yogslaot,t5_6,1
Yst,t5_2cneq,2
Yst,t5_6,3
Zafner,t5_2cneq,3
Zafner,t5_6,4
Zak,t5_2fwo,20
Zak,t5_6,20
ZanThrax,t5_6,2
ZandorMonkeyBoy,t5_49zi,1
Zarutian,t5_6,9
Zorak,t5_2fwo,-1
Zorak,t5_mouw,1
Zuph,t5_6,12
Zuph,t5_mouw,30
Zweben,t5_6,14
__alex,t5_2fwo,1
__david__,t5_2fwo,64
_black,t5_2cneq,5
_red,t5_2cneq,-2
_unxzst_,t5_2cneq,1
a1k0n,t5_2fwo,37
a1k0n,t5_2qh03,1
a9a,t5_2cneq,7
a9a,t5_2fwo,-13
a9a,t5_6,14
aacool,t5_2qgzg,1
aacp,t5_6,0
aardvarkious,t5_6,17
aaron114,t5_6,5
aaslos,t5_2qh03,1
aaslos,t5_6,21
abbot,t5_2fwo,17
abbylovesreddit,t5_6,1
aberant,t5_6,14
abnormalbrain,t5_6,18
abrasax,t5_6,7
abroch,t5_2cneq,1
absolutsyd,t5_6,2
abudabu,t5_2cneq,147
abudabu,t5_6,80
abudabu,t5_mouw,22
abw,t5_2fwo,3
abw,t5_6,81
abzde,t5_6,2
accelleron,t5_6,8
accessuser,t5_6,0
acedanger,t5_6,45
acey,t5_6,6
adamc,t5_2fwo,1
adamc,t5_6,1
adamv,t5_2fwo,18
adamvarga,t5_6,1
adazzle,t5_6,3
addi007,t5_6,1
adimoga,t5_2qh03,1
adimoga,t5_6,6
adipex1ionamin,t5_6,1
adolfojp,t5_2cneq,12
adolfojp,t5_2fwo,6
adolfojp,t5_6,4
adric,t5_2fwo,6
ae597,t5_6,1
aeon2012,t5_2fwo,3
aeon2012,t5_6,1
affmark,t5_6,1
afrojap,t5_6,1
afroncio,t5_6,1
agentbad,t5_6,3
aggieashlee,t5_6,2
ahimsaplease,t5_6,3
ahunte1,t5_6,3
aim2free,t5_6,3
aiza77,t5_6,2
ajstaz12,t5_6,1
aktufe,t5_6,-3
akumal,t5_vf2,1
alaskamiller,t5_2cneq,7
alaskamiller,t5_6,7
albar129,t5_6,1
albinsebastian,t5_6,1
alchemeron,t5_6,8
alden,t5_2qh0f,1
aldenhg,t5_6,1
ale402,t5_6,4
aleger,t5_6,2
aleph1,t5_2cneq,1
alephnil,t5_2fwo,2
alephnil,t5_mouw,32
alesis,t5_2fwo,7
aletoledo,t5_2cneq,17
aletoledo,t5_6,120
alexandru_yo,t5_6,1
alexgreen,t5_6,1
alibob,t5_6,4
all_ways_thinkin,t5_2cneq,0
alleywag,t5_6,3
allhands,t5_2cneq,38
allhands,t5_6,1
allwebdeals,t5_6,2
almaaz,t5_6,1
almkglor,t5_2fwo,17
alphabeat,t5_1rqwi,2
alphabeat,t5_2fwo,2
alphabeat,t5_6,65
alphabeat,t5_mouw,0
alxalx,t5_mouw,2
amaxen,t5_2cneq,0
ambiversive,t5_2cneq,31
ambiversive,t5_2fwo,23
ambiversive,t5_6,270
ambiversive,t5_mouw,99
amellor,t5_2cneq,2
americanuck,t5_2cneq,15
amgine,t5_6,1
amichail,t5_6,2
amitbadola,t5_6,4
amkag,t5_6,1
amnestysupporter,t5_6,1
amoore,t5_2cneq,1
amoore,t5_2fwo,26
amoore,t5_6,10
amoore,t5_mouw,12
amsterdamordeth,t5_2cneq,2
amsterdamordeth,t5_6,24
amykate,t5_6,1
anachronic,t5_2fwo,6
anachronic,t5_6,28
anais9000,t5_6,1
anarchistica,t5_6,1
anatinus,t5_6,14
andibabi,t5_6,0
andreea2007,t5_6,1
andrejevas,t5_6,13
andrewd,t5_2cneq,27
andrewd,t5_6,18
andrewinmelbourne,t5_6,2
andrewnorris,t5_2fwo,11
andybackpacker,t5_6,1
andychamp,t5_6,3
andyhemmings,t5_6,1
andyhkj,t5_6,1
andylatham82,t5_6,0
andylepp,t5_2qh0f,1
anescient,t5_6,2
anewaccount,t5_6,5
aneworder,t5_2cneq,3
angliss,t5_2cneq,13
angryinch,t5_2fwo,2
angryinch,t5_6,1
animekenji,t5_2cneq,2
anita78,t5_2qgzg,2
anjamerret,t5_6,1
annaebaby,t5_247c,1
annaebaby,t5_6,1
annaebaby,t5_mouw,1
annasaru,t5_2fwo,2
annasaru,t5_6,8
annekat,t5_6,17
anon10000,t5_2fwo,1
anon10000,t5_6,1
anon100000,t5_6,1
anonymgrl,t5_6,18
anonymgrl,t5_mouw,59
anonymous-coward,t5_2cneq,6
anonymous-coward,t5_6,102
anonymous-coward,t5_mouw,19
anothermanoutoftime,t5_2qh0f,1
ansible,t5_2fwo,13
ansible,t5_6,7
anthony_philipp,t5_2fwo,1
anticitizen_1,t5_6,15
antido,t5_6,9
antifolkhero,t5_6,9
antifolkhero,t5_mouw,0
antirez,t5_2fwo,29
antonivs,t5_2fwo,11
antsypants,t5_6,2
anusrape,t5_6,5
anyabelle,t5_6,0
apag,t5_6,1
apathy,t5_2fwo,2
apathy,t5_6,43
apert,t5_6,1
apgwoz,t5_2fwo,25
api,t5_2cneq,27
api,t5_2fwo,-2
api,t5_6,-1
apocalypse_k,t5_6,1
apollo,t5_6,5
aposter,t5_6,8
apotheon,t5_6,9
apowers,t5_6,1
apowers,t5_mouw,1
apple36,t5_6,1
aprilhall,t5_2cneq,21
aprilhall,t5_6,-1
apsudraconis,t5_2cneq,9
aquanutz,t5_6,5
aradil,t5_6,44
aragon127,t5_2cneq,24
aragon127,t5_6,228
aragon127,t5_mouw,6
arcadefiery,t5_6,23
archemedes_rex,t5_6,3
archemedes_rex,t5_vf2,2
architectzero,t5_2cneq,54
architectzero,t5_2fwo,1
architectzero,t5_6,8
archmichael,t5_6,1
ardil,t5_6,11
arebop,t5_2fwo,32
aresorli,t5_6,5
aresorli,t5_mouw,19
argherna,t5_2fwo,0
argo97,t5_6,1
argoff,t5_2cneq,7
argoff,t5_6,31
armedandhammered,t5_2cneq,1
armedandhammered,t5_6,1
arnar,t5_2fwo,3
arnar,t5_6,27
artiface,t5_2cneq,3
artiface,t5_6,1
artman,t5_2cneq,9
artman,t5_6,36
artman,t5_mouw,14
asb,t5_2fwo,16
asciilifeform,t5_2cneq,3
asciilifeform,t5_2fwo,20
asciilifeform,t5_6,4
ashmdin,t5_6,1
askpatty,t5_6,3
asokoloski,t5_2cneq,4
asokoloski,t5_6,3
assortednut,t5_6,19
astrolabe,t5_2fwo,12
atlacatl,t5_6,8
atlanticworld,t5_2cneq,1
atomicthumbs,t5_2fwo,4
atomicthumbs,t5_2h84o,1
atomicthumbs,t5_6,128
atomicthumbs,t5_mouw,14
atourino,t5_mouw,7
atozand1to10,t5_2fwo,-12
atw,t5_6,2
augustss,t5_2fwo,49
aunty_american,t5_6,45
aunty_american,t5_vf2,16
aupsv,t5_6,1
aussie_bob,t5_6,1
austinb,t5_6,1
aveceasar,t5_2cneq,17
aveceasar,t5_6,2
aveceasar,t5_mouw,3
aver,t5_2fwo,2
averyv,t5_2cneq,1
averyv,t5_6,26
averyv,t5_mouw,3
awaazbandh,t5_2cneq,14
awaazbandh,t5_6,15
awb,t5_2fwo,13
awj,t5_2fwo,8
awkward,t5_mouw,7
aychberg,t5_6,4
aylafrance,t5_6,-1
azimcool,t5_6,3
azimuth,t5_2fwo,6
azimuth,t5_mouw,1
azngunsmoke,t5_6,1
azron,t5_2cneq,5
azron,t5_6,10
azron,t5_mouw,0
azureice,t5_6,7
b0dhi,t5_mouw,3
b34nz,t5_6,-6
b3mus3d,t5_6,33
bSimmons666,t5_6,1
babblingpoet,t5_2cneq,5
baboo,t5_6,2
baboo,t5_mouw,1
bacila,t5_2fwo,1
backcatalogue,t5_2cneq,28
backcatalogue,t5_6,1
backelie,t5_6,3
baconn,t5_2cneq,3
baconn,t5_6,16
badfeng,t5_2cneq,10
badfeng,t5_6,12
badfeng,t5_mouw,1
bagge,t5_6,16
bahumbug1,t5_2cneq,0
bahumbug1,t5_6,3
bajaguy,t5_2cneq,8
bajaguy,t5_6,2
bakert,t5_2fwo,3
bali-song,t5_mouw,2
baltoo,t5_2fwo,13
bamdastard,t5_2qgzt,1
bamonster,t5_6,1
banditski,t5_6,18
banditski,t5_mouw,71
barapa,t5_6,1
barata,t5_6,1
barcodez,t5_2fwo,31
barfolomew,t5_2fwo,4
barneschristin,t5_6,0
barney54,t5_6,1
barracuda150965,t5_6,2
barrybe,t5_2fwo,3
barrybe,t5_6,18
barryfandango,t5_6,16
bart2019,t5_2fwo,5
bart2019,t5_6,2
bart9h,t5_6,1
bassvocal,t5_6,5
bboarder12_,t5_2cneq,3
bboarder12_,t5_6,1
bburg,t5_2cneq,1
bburg,t5_6,4
bcorfman,t5_2fwo,3
bdash,t5_2fwo,1
beathead,t5_6,-1
bebnet,t5_6,1
beckermt,t5_6,0
beckingh,t5_6,2
beckybd,t5_6,1
beedogs,t5_6,5
beedogs,t5_mouw,13
begemot,t5_6,4
beingparents,t5_6,1
bellgong,t5_2fwo,2
bellyfish0,t5_6,3
bemmu,t5_6,4
benalene,t5_6,102
benfitts,t5_2qgzg,1
benfitts,t5_mouw,1
benhoyt,t5_2fwo,23
benjamincanfly,t5_2cneq,10
benjamincanfly,t5_6,169
benjamincanfly,t5_mouw,1
benlund,t5_2cneq,32
bentronic,t5_6,1
benwad,t5_6,-4
beohbe,t5_mouw,11
bephys,t5_6,1
berlinbrown,t5_2fwo,-1
berlinbrown,t5_6,21
berlinbrown,t5_mouw,-2
bertramredneck,t5_2cneq,3
bertramredneck,t5_6,9
best-yet,t5_2cneq,1
beza1e1,t5_2fwo,4
bgalbraith,t5_2cneq,2
bglodde,t5_2cneq,1
bglodde,t5_6,2
bgraves,t5_6,105
bhagany,t5_6,14
bhal123,t5_2cneq,6
bhal123,t5_6,1
bhaller,t5_6,-2
bicycle_repair_man,t5_6,-9
bifftradwell,t5_6,2
bigboomer223,t5_6,5
bigboss36,t5_6,1
bigbug,t5_6,1
bigdaddylove,t5_6,2
biggy2pac,t5_2fwo,5
bigstevec,t5_2cneq,-2
bigstevec,t5_6,27
bigt,t5_6,8
bigt,t5_mouw,6
bigtalker,t5_6,1
bigtech,t5_6,11
billbacon,t5_2cneq,2
billbacon,t5_6,4
billclem,t5_2fwo,7
billcube,t5_2qh03,1
billywaynefelts,t5_6,0
bingaman,t5_2fwo,11
bink821,t5_2cneq,11
bink821,t5_6,17
bink821,t5_mouw,147
biotech9,t5_6,146
biotech9,t5_mouw,4
bithead,t5_2cneq,1
bithead,t5_6,137
bithead,t5_mouw,34
bithead,t5_vf2,2
bitshifter,t5_6,10
bitwize,t5_2fwo,74
bitwize,t5_6,-1
biz_odyssey,t5_6,0
bizo,t5_6,-1
bjtuna,t5_2cneq,11
blackgekko,t5_6,2
blackhatseo,t5_6,1
blackrogue,t5_2cneq,3
blank,t5_6,5
blankfield,t5_6,2
blaze4metal,t5_2cneq,91
blaze4metal,t5_2qh03,2
blaze4metal,t5_6,268
blaze4metal,t5_mouw,60
blazin_chalice,t5_mouw,0
bleedpurpleguy,t5_6,1
blenderhead,t5_6,3
blindbug,t5_6,1
blindingspeed80,t5_2fwo,4
blindingspeed80,t5_6,28
blindmikey,t5_mouw,1
blinks,t5_2cneq,4
bloggaplease,t5_6,12
blogtek,t5_2qh0f,1
bloodylip,t5_6,2
blowback,t5_2cneq,4
blownsand,t5_6,3
bluGill,t5_2cneq,17
bluGill,t5_2fwo,33
bluGill,t5_2qgzg,2
bluGill,t5_2qgzt,2
bluGill,t5_6,13
bluGill,t5_mouw,6
blubloblu,t5_6,5
blufr0g,t5_6,3
blurradial,t5_6,1
bluser,t5_2cneq,17
bluser,t5_6,58
bluser,t5_mouw,2
bluskygirl,t5_6,1
bmorris,t5_2cneq,-2
bmorris,t5_6,7
bmorris,t5_mouw,14
boa13,t5_2fwo,7
boa13,t5_6,46
boagreus,t5_2cneq,1
boagreus,t5_6,2
bobby200,t5_2qh03,1
bobbymac,t5_2fwo,6
bobbymac,t5_6,1
bobcat,t5_2cneq,17
bobcat,t5_2fwo,23
bobcat,t5_6,154
bobcat,t5_mouw,35
bobjohn22,t5_6,1
bobovski,t5_2cneq,2
bobovski,t5_6,27
bobpaul,t5_6,61
bobtheplanet,t5_6,0
bocajuniors,t5_2qgzy,2
bohogirl1,t5_6,1
boirun03,t5_6,1
bondolo,t5_6,6
bonefry,t5_2fwo,-12
boodaa,t5_6,6
boredzo,t5_21n6,1
boredzo,t5_2cneq,7
boredzo,t5_2fwo,61
boredzo,t5_6,213
boredzo,t5_mouw,31
borg,t5_6,1
borga,t5_2fwo,20
borgconsulting,t5_6,1
boriskro,t5_2fwo,1
bork02bu,t5_6,2
borland,t5_2fwo,11
bos,t5_2fwo,11
bostich,t5_6,1
botbooty,t5_mouw,3
botim,t5_2cneq,3
botim,t5_6,2
bottar,t5_2fwo,24
brad-walker,t5_2fwo,-21
bradleyhudson,t5_2fwo,22
brainburger,t5_2cneq,1
brainburger,t5_6,87
braindancer,t5_6,7
braindrane,t5_2cneq,1
braindrane,t5_6,4
branded,t5_6,1
brandf,t5_6,4
braneworld,t5_6,46
brasso,t5_mouw,39
breaker1,t5_6,23
breakneckridge,t5_2cneq,20
breakneckridge,t5_6,228
breddy,t5_2fwo,1
breddy,t5_6,5
brendano,t5_2fwo,3
brennen,t5_2cneq,23
brennen,t5_6,81
brett01a4,t5_6,1
brianchester666,t5_6,2
brickbybrick,t5_2fwo,26
brispone,t5_6,2
brl02d,t5_6,1
brobak,t5_6,19
brokenearth02,t5_2cneq,37
brokenearth02,t5_6,8
broohaha,t5_2cneq,9
broohaha,t5_6,2
browie,t5_6,1
browster,t5_6,2
brstilson,t5_6,-5
brstilson,t5_mouw,-6
brtw,t5_2cneq,11
brtw,t5_2fwo,16
brtw,t5_2qgzt,2
brtw,t5_6,54
brtw,t5_mouw,3
bruceeisner,t5_6,0
brunt,t5_2cneq,3
brunt,t5_6,-3
brunt,t5_mouw,0
bryanz,t5_6,2
bsiviglia9,t5_2cneq,48
bsiviglia9,t5_6,26
bsiviglia9,t5_mouw,17
bsterne,t5_2fwo,-10
bstrand,t5_2cneq,10
btl,t5_6,36
btucker,t5_6,6
buddhahat,t5_2cneq,2
buddhistkitten,t5_6,1
buddhistkitten,t5_mouw,2
buildmonkey,t5_2fwo,4
buildmonkey,t5_6,36
buildmonkey,t5_mouw,25
bunfunbun,t5_vf2,1
burdalane,t5_mouw,0
burningmonk,t5_6,7
burtonmkz,t5_2cneq,8
burtonmkz,t5_6,10
bushwakko,t5_6,5
busterbluth,t5_6,1
butcandy,t5_6,1
buthead,t5_mouw,2
bw1870,t5_6,103
byron,t5_mouw,3
byronsucks,t5_mouw,-6
c0d3p03t,t5_6,1
c0y0te,t5_6,2
c53x12,t5_2qgzy,3
c53x12,t5_6,22
c53x12,t5_mouw,1
ca204valry,t5_6,4
cabaleiro,t5_2qh0f,1
cabbit,t5_6,3
cableshaft,t5_6,11
cach-e,t5_6,15
cach_e,t5_6,11
cakesy,t5_6,6
cal_01,t5_2cneq,5
cal_01,t5_6,3
calantorntain,t5_6,4
callmepm,t5_2qh0f,0
callott,t5_6,1
calumr,t5_6,40
campingcar,t5_21n6,1
campingcar,t5_6,35
canadaduane,t5_2cneq,0
canine,t5_6,1
canonicalform,t5_2cneq,1
canonicalform,t5_6,38
cantastoria,t5_6,-4
cantsay,t5_2cneq,103
cantsay,t5_6,56
cantsay,t5_mouw,9
canyouhearme,t5_6,2
captain_abstinence,t5_6,8
captain_gordino,t5_6,8
captainfwiffo,t5_2fwo,14
captainfwiffo,t5_6,37
captainfwiffo,t5_mouw,9
captainhaddock,t5_2cneq,1
captainhaddock,t5_2fwo,4
carac,t5_6,1
carny666,t5_6,0
carotids,t5_mouw,0
cartman81,t5_2cneq,8
cartman81,t5_6,51
cartooncorpse,t5_2cneq,64
cartooncorpse,t5_6,25
cartooncorpse,t5_mouw,-4
casaubon,t5_6,11
casestudyguru,t5_6,1
casicatracha,t5_2cneq,12
casicatracha,t5_6,1
catacombus,t5_mouw,5
catastrophe,t5_6,1
catch23,t5_2cneq,15
catch23,t5_2fwo,18
catch23,t5_6,33
catlebrity,t5_2cneq,25
catlebrity,t5_6,51
catlebrity,t5_mouw,92
cattleprod,t5_6,11
catwoman222000,t5_6,1
cavedave,t5_2cneq,3
cavedave,t5_6,106
cavedave,t5_mouw,35
cbapel,t5_6,13
cbapel,t5_mouw,1
ccharles,t5_6,3
cdills,t5_6,34
cdrees,t5_6,0
cdsmith,t5_2fwo,6
cecilkorik,t5_6,13
cecilkorik,t5_mouw,15
ceesaxp,t5_2fwo,-4
celastrus,t5_6,3
ceomoses,t5_mouw,1
cereal,t5_6,1
cezar,t5_2cneq,3
cezar,t5_mouw,17
cfabbro,t5_2cneq,6
cfabbro,t5_6,110
cfabbro,t5_mouw,9
cff,t5_mouw,4
cgibbard,t5_2fwo,7
cgod,t5_2fwo,1
cgoldberg,t5_2fwo,2
chande,t5_6,1
charlesesl,t5_6,2
charlesesl,t5_mouw,5
charlesjillian,t5_6,2
charlesmt,t5_6,1
charlieb,t5_2fwo,18
charlieb,t5_mouw,2
chauncygardner,t5_6,9
cheetahforce,t5_6,3
cheezymoogle,t5_6,194
chemman,t5_6,2
chengiz,t5_2fwo,1
chiarafox,t5_6,1
chilenero,t5_6,1
chime,t5_2fwo,12
chime,t5_6,306
chime,t5_mouw,17
chipt4,t5_6,129
chocosebuenos,t5_6,5
chollida1,t5_2fwo,2
choochy,t5_6,8
chris083210,t5_6,2
chrismakk69,t5_6,2
chrispoole,t5_6,1
christianjb,t5_2cneq,12
christianjb,t5_6,61
christianjb,t5_mouw,14
chriswethered,t5_2qh0f,1
chrj,t5_2fwo,2
chromehound47,t5_2cneq,40
chromehound47,t5_6,1
chryler,t5_6,33
chrystie69,t5_6,1
chsikcsla,t5_6,17
chtong,t5_6,0
chu,t5_6,51
chungkaishek,t5_2cneq,2
chungkaishek,t5_6,2
chych,t5_mouw,23
cia_plant,t5_2fwo,-1
cigr,t5_6,9
cindybin,t5_6,1
circular230,t5_2cneq,1
cisda,t5_6,1
citizenkahn,t5_2cneq,14
citizenwhite,t5_6,1
civildefense,t5_2fwo,4
cjharrod,t5_6,7
cjpro,t5_6,2
cl3ft,t5_vf2,2
claco,t5_2cneq,5
claco,t5_6,1
claco,t5_mouw,1
clawoo,t5_mouw,2
clea,t5_6,1
climb0r,t5_6,9
clipstar,t5_2qh0f,1
clockradio,t5_6,26
closetchef,t5_6,1
clubber_lang,t5_6,11
clv101,t5_mouw,1
clytle374,t5_2cneq,7
clytle374,t5_6,1
cmer,t5_6,1
cmhdave73,t5_6,1
cmhdave73,t5_mouw,1
cnull,t5_6,2
codepoet,t5_2cneq,20
codepoet,t5_6,4
colcob,t5_6,19
coldlizard,t5_2fwo,1
coldwarrior,t5_2cneq,29
coldwarrior,t5_6,33
coldwarrior,t5_mouw,3
colinnwn,t5_6,4
comics4u,t5_6,1
commandar,t5_6,8
compuclic,t5_6,3
computergeek6933,t5_6,1
conrad_hex,t5_6,36
constant,t5_6,1
constructicle,t5_6,1
contrarian,t5_2cneq,4
contrarian,t5_6,-23
contrarian,t5_mouw,1
conundri,t5_2cneq,16
cooldude127,t5_2fwo,3
coooldude987,t5_6,2
copelandc2002,t5_6,2
corentin,t5_2fwo,1
cornelius99,t5_2cneq,7
cornucopia,t5_6,15
cornucopia,t5_vf2,1
corporaterebel,t5_6,3
cos,t5_2cneq,70
cos,t5_6,2
cosmo7,t5_mouw,23
cowardlydragon,t5_6,14
cowbellthunder,t5_6,-4
cowbellthunder,t5_mouw,24
cowhead,t5_2cneq,1
cowhead,t5_6,6
cptnjack,t5_2cneq,2
crashingflwrgrl,t5_6,1
crashingthrough,t5_mouw,-1
crashkg,t5_2cneq,0
crashoverride,t5_6,1
cratuki,t5_2fwo,24
cratylus,t5_6,4
crawfishsoul,t5_6,97
crazybones,t5_2cneq,25
crazybones,t5_6,249
crazymunch,t5_6,19
crazymunch,t5_vf2,1
crazyraven,t5_6,1
create,t5_6,-3
creator11,t5_6,1
crimius,t5_6,1
crm114,t5_6,2
crmaki,t5_2cneq,8
cronus695,t5_2cneq,3
cronus695,t5_6,4
crusader561,t5_6,17
crusoe,t5_2cneq,7
crusoe,t5_2fwo,5
crusoe,t5_6,89
cryogen,t5_6,1
cryptoz,t5_6,19
crystalh,t5_6,1
cstoner,t5_6,1
culbeda,t5_2cneq,4
culbeda,t5_6,21
cumhur,t5_6,1
cunningjames,t5_2fwo,1
cup,t5_6,4
cuteman,t5_6,3
cutiegadget,t5_6,0
cweaver,t5_2qh03,13
cweaver,t5_6,79
cwhite,t5_2cneq,0
cwhite,t5_2qh03,5
cwhite,t5_6,2
cwo655321,t5_6,33
cyakka,t5_6,1
cyancynic,t5_2cneq,1
cyancynic,t5_2fwo,2
cyancynic,t5_6,13
cyclo,t5_2fwo,7
cypherx,t5_2cneq,-3
cypherx,t5_mouw,2
cyrusdh,t5_6,13
d00ley,t5_2cneq,16
d00ley,t5_6,6
d07c0m,t5_6,4
d07c0m,t5_mouw,2
d42,t5_2cneq,-6
d42,t5_6,14
dabizi,t5_mouw,1
dacat,t5_6,1
dacat,t5_mouw,0
daddyc00l,t5_2fwo,1
daedius,t5_6,37
daexpert,t5_6,1
dafthuman,t5_2cneq,8
dafthuman,t5_mouw,8
dagfari,t5_6,6
dagfari,t5_mouw,2
dailyearner,t5_6,1
dailymoolah,t5_2qgzg,1
dailymoolah,t5_mouw,2
dainwaris,t5_mouw,3
daisy0808,t5_6,2
dakboy,t5_6,6
dalbert,t5_6,-2
dallen,t5_6,3
dalmuti,t5_6,61
daltron,t5_6,1
damienkatz,t5_2fwo,37
dampspace,t5_6,12
dampspace,t5_mouw,1
danblanchard,t5_mouw,2
dandellion,t5_6,1
dangph,t5_2cneq,1
danhawkeye,t5_6,19
danielbuchanan,t5_2cneq,2
danielbuchanan,t5_2fwo,1
danielbuchanan,t5_6,-5
daniels220,t5_6,27
danno18,t5_6,1
dannyhw,t5_6,4
danth,t5_vf2,1
danweber,t5_2cneq,60
danweber,t5_2fwo,25
danweber,t5_6,-29
dapf,t5_2fwo,2
dario1977,t5_6,1
darkenrahlin,t5_6,5
darkry,t5_6,1
darksabrelord,t5_2cneq,4
darksofa,t5_2cneq,3
darkstar999,t5_6,11
darrint,t5_2fwo,33
darth_brooks,t5_2cneq,28
darth_brooks,t5_6,121
darthvader07,t5_6,1
dasmith2,t5_6,2
dave,t5_2fwo,1
davebarnes02,t5_6,1
davega7,t5_6,4
daveyboy22,t5_6,7
david_ncl,t5_2fwo,4
davidconnell,t5_2cneq,2
davidconnell,t5_mouw,1
davidkclark,t5_6,6
davidreiss666,t5_6,32
davidvincent2,t5_2fwo,-5
davidw,t5_2fwo,17
davidw,t5_6,10
davinox,t5_6,1
davros,t5_6,0
dawg,t5_mouw,17
daysi,t5_2cneq,7
daysi,t5_6,110
dbenhur,t5_6,11
dbenhur,t5_mouw,9
dcamma,t5_6,2
dcb720,t5_6,2
dcooper8,t5_6,-2
dcormier,t5_1rqwi,2
ddelrio,t5_6,42
ddrager,t5_6,3
ddyson,t5_2fwo,49
deadA1ias,t5_6,4
dead_ed,t5_6,24
dead_ed,t5_mouw,1
deadfones,t5_vf2,0
deadmantizwalking,t5_2cneq,3
deadmantizwalking,t5_6,0
deafsound,t5_6,2
deap,t5_6,6
death2hypocrisy,t5_2cneq,-2
death2hypocrisy,t5_6,1
debney,t5_6,1
defendthyself,t5_2qgzt,3
deforest205,t5_6,1
degustibus,t5_2cneq,-1
degustibus,t5_6,1
degustisockpuppet,t5_2fwo,3
degustivoxhaulastra,t5_2qh0f,2
degustivoxhaulastra,t5_6,1
degustiwtfijustregis,t5_6,-2
deki,t5_6,5
deliarodriguez,t5_6,1
della71,t5_6,1
della71,t5_mouw,1
delph,t5_2cneq,1
delph,t5_6,1
deltageek,t5_2fwo,4
demechman,t5_6,13
denimboy,t5_2fwo,0
deong,t5_2fwo,99
deong,t5_6,31
depleater,t5_2cneq,1
depleater,t5_6,6
derangedsheep,t5_6,1
derefr,t5_2fwo,2
derefr,t5_2h84o,2
derefr,t5_6,55
derekg,t5_2fwo,68
derekslager,t5_2fwo,16
derka12,t5_vf2,1
derupert,t5_6,1
deuteros,t5_2cneq,-5
deuteros,t5_6,13
deuteros,t5_mouw,1
devmode,t5_6,24
devolute,t5_6,1
devvie,t5_6,20
dextroz,t5_6,10
dfranke,t5_2fwo,10
dfranke,t5_6,38
dghughes,t5_6,7
dgodon,t5_6,2
dhaggerfin,t5_6,8
dhanosh,t5_6,1
dharh,t5_6,2
dhbanes,t5_2cneq,11
dhbanes,t5_6,91
dhbanes,t5_mouw,23
dhc23,t5_6,0
dhjdhj,t5_2cneq,3
dhjdhj,t5_6,5
dhpye,t5_2cneq,27
dhpye,t5_6,1
dhpye,t5_mouw,8
diamond,t5_2cneq,33
diamond,t5_2fwo,2
diamond,t5_6,194
diatribal2,t5_2qh0f,4
diatribal2,t5_6,120
diatribal2,t5_mouw,-3
did_it_for_the_lulz,t5_2cneq,-3
did_it_for_the_lulz,t5_6,3
did_it_for_the_lulz,t5_mouw,-6
dieselfrog,t5_2cneq,7
diffraction,t5_2cneq,1
diffraction,t5_6,0
digg_suxx_bigg,t5_2cneq,3
digg_suxx_bigg,t5_6,5
diggdug007,t5_6,1
digitalbuzz,t5_6,4
digitalzendesigncom,t5_6,1
diligentdogs,t5_2cneq,4
dillikibilli,t5_6,8
dillikibilli,t5_mouw,104
dimacq,t5_mouw,18
dimask,t5_6,2
dinalockheart,t5_6,1
dinermom,t5_6,2
dinermom,t5_mouw,5
dinosawjr,t5_6,1
diogames,t5_mouw,20
dionysis,t5_2qh0f,1
disidentadvisor,t5_2cneq,11
disidentadvisor,t5_6,4
dizzle67,t5_6,77
djiivu,t5_6,1
djinsomniac,t5_6,1
djspray,t5_6,8
djwhitt,t5_6,11
djwm,t5_6,5
dkaz,t5_6,-1
dkordik,t5_6,12
dlsspy,t5_2fwo,105
dmd,t5_6,33
dmead,t5_2fwo,4
dmead,t5_6,0
dmehrtash,t5_2cneq,5
dmehrtash,t5_mouw,0
dmilor,t5_6,26
dmpk2k,t5_2fwo,19
dngrmouse,t5_2fwo,2
dnm,t5_6,12
do_un_to,t5_6,55
dobaman,t5_6,-4
doctor_shim,t5_2fwo,0
doctor_shim,t5_2qh03,0
doctor_shim,t5_6,51
dodgyd55,t5_6,10
dodus,t5_2cneq,9
dodus,t5_6,9
donh,t5_6,1
dons,t5_2fwo,273
dorbak,t5_6,1
dorshorst,t5_2cneq,76
dotrob,t5_2cneq,9
dotrob,t5_6,2
doubleginntonic,t5_6,24
dougbdl,t5_6,1
douglas1001,t5_6,1
dpzdpz,t5_6,3
dr_root,t5_6,19
dr_root,t5_mouw,74
drdenny,t5_2cneq,2
dreale,t5_2cneq,4
dreale,t5_6,2
dreamlax,t5_2fwo,3
dreamlax,t5_mouw,1
dredd,t5_6,0
drench,t5_6,5
drewc,t5_2fwo,12
dri3s,t5_2cneq,3
drmomentum,t5_6,1
dronebee,t5_6,6
drosser,t5_2fwo,1
drosser,t5_6,12
drpants,t5_2cneq,2
drpants,t5_6,1
drslammy,t5_6,3
drudru,t5_2fwo,2
drwatson,t5_6,2
dryice,t5_6,2
dsandler,t5_2fwo,4
dsandler,t5_6,120
dsandler,t5_mouw,-12
dsfox,t5_6,15
dsol,t5_6,7
dtallee,t5_6,2
dude80,t5_6,1
dugmartin,t5_6,32
duhblow7,t5_6,1
dulieu,t5_6,1
duncan80,t5_6,13
dus7y,t5_mouw,9
dutch,t5_6,4
dutter,t5_6,1
duus,t5_2cneq,6
duus,t5_2fwo,6
duus,t5_6,135
dvogel,t5_2cneq,5
dvogel,t5_2fwo,9
dvogel,t5_6,1
dwahler,t5_6,4
dwemer,t5_6,2
dwillington,t5_2cneq,-1
dwwatk01,t5_6,3
dysmas,t5_2fwo,1
dystopia,t5_6,8
dzer0,t5_6,1
dzozef,t5_6,2
e40,t5_2cneq,0
e40,t5_6,6
eabouts,t5_2qgzy,1
eabouts,t5_2qh0f,3
eabouts,t5_6,2
eadmund,t5_2cneq,3
eadmund,t5_2fwo,2
eadmund,t5_6,3
eallan,t5_6,9
earthboundkid,t5_2fwo,9
earthboundkid,t5_6,1
easymovet,t5_2fwo,3
easymovet,t5_6,5
easytiger,t5_6,9
easytiger,t5_mouw,0
ebishirl,t5_6,1
ebola,t5_2cneq,3
ebola,t5_6,6
econous,t5_6,7
econous,t5_mouw,3
ectogon,t5_2cneq,6
edbutler3,t5_6,5
eddyt7878,t5_6,0
edelwater,t5_2fwo,6
edennnn,t5_6,1
edf825,t5_6,1
edheil,t5_2cneq,29
edheil,t5_2fwo,41
edheil,t5_6,91
edheil,t5_mouw,181
edit_g,t5_6,9
edwardbc,t5_6,1
ef4,t5_6,30
egapotz,t5_247c,2
egarland,t5_6,94
egonkasper,t5_6,1
eguyz,t5_6,1
eidolontubes,t5_6,5
eightnine,t5_6,59
eightnine,t5_vf2,1
einexile,t5_6,2
eipipuz,t5_6,7
ejp1082,t5_2cneq,23
ejp1082,t5_2qgzg,2
ejp1082,t5_6,54
el0rg,t5_2cneq,12
el0rg,t5_6,2
elTiburon,t5_6,1
elasticsoul,t5_6,7
elebrio,t5_6,1
electromagnetic,t5_6,1
eleitl,t5_2cneq,3
eleitl,t5_6,-1
eleitl,t5_mouw,2
elguercoterco,t5_6,-5
elissa1959,t5_2fwo,14
elissa1959,t5_6,1
ellaella,t5_6,2
elliotakshun,t5_2cneq,2
elliottc,t5_6,3
elliottcable,t5_2fwo,-2
ellsmall,t5_mouw,31
eloisius,t5_6,1
elspif,t5_6,0
elus,t5_2qgzg,1
elus,t5_6,20
emTel,t5_2fwo,27
emacdona,t5_6,2
emag,t5_6,5
emarus,t5_6,8
emeraldcity,t5_mouw,8
emit_flesti,t5_6,6
emmster,t5_6,2
emptyvoices,t5_6,2
emre-t,t5_6,1
enaeseth,t5_6,1
encinarus,t5_2cneq,11
encinarus,t5_2fwo,8
encinarus,t5_6,12
endia314,t5_2cneq,1
endia314,t5_6,16
endlessvoid94,t5_6,7
endtime,t5_mouw,10
enemaniac,t5_6,5
enendar,t5_6,1
engineredd,t5_2qgzy,4
engineredd,t5_mouw,2
engtech,t5_2fwo,2
enigma66marktwo,t5_6,0
enjahova,t5_6,5
enneff,t5_2fwo,5
enneff,t5_6,0
enry,t5_6,16
entropyfails,t5_6,16
eoliveri,t5_2fwo,0
eoliveri,t5_6,4
epic,t5_6,2
erasmosis,t5_6,1
erikbryan,t5_6,1
erikmack,t5_2fwo,82
ernesthancock,t5_6,2
eromitlab,t5_2cneq,5
eromitlab,t5_6,33
errant,t5_2cneq,4
eshemuta,t5_2cneq,11
eshemuta,t5_6,17
eshemuta,t5_mouw,0
esparza74,t5_2cneq,3
etherghost,t5_6,2
eurleif,t5_2fwo,8
eurleif,t5_6,4
everymn,t5_2cneq,1
evgen,t5_2fwo,14
evgen,t5_6,8
evgen,t5_mouw,2
evildrdan,t5_6,54
evilgeologist,t5_6,4
evilunicorn,t5_mouw,2
ewokjedi,t5_6,2
exaakax,t5_6,1
explorer1972,t5_6,4
explorer1972,t5_vf2,4
eyeflare,t5_6,3
fab13n,t5_6,20
fabieen,t5_6,57
fabieen,t5_mouw,5
fabiodota171,t5_2qgzy,1
factor0,t5_6,1
factory051,t5_vf2,3
fakeleft,t5_6,16
fakepaycheckstubs,t5_6,-1
falazmah,t5_6,4
falseprophet,t5_2cneq,-6
falseprophet,t5_6,37
falseprophet,t5_mouw,1
fangolo,t5_2cneq,62
fangolo,t5_6,9
farra,t5_6,6
fartron,t5_2cneq,1
fartron,t5_6,5
fbg111,t5_2cneq,3
fbg111,t5_6,2
feanor512,t5_2cneq,12
feanor512,t5_6,145
fearcomplication,t5_2cneq,67
feces,t5_2fwo,-13
feces,t5_6,265
feces,t5_mouw,0
feces,t5_vf2,-4
feliniti,t5_2qgzy,1
feliniti,t5_2qh0f,5
feliniti,t5_6,3
fenny69,t5_6,9
ferdinand,t5_6,2
ferdinand,t5_mouw,18
fergie,t5_2fwo,1
fermilab,t5_6,1
ffrinch,t5_2fwo,1
fikilump,t5_6,1
filecabinet,t5_6,2
filesalot,t5_2fwo,1
fingers,t5_6,5
fingers,t5_vf2,3
finix,t5_6,37
finno,t5_2fwo,4
fionbio,t5_2fwo,24
firemillen2,t5_6,4
firemillen2,t5_mouw,-9
fishyf,t5_6,3
fishypants,t5_6,34
fivre,t5_6,22
flamingfenix,t5_mouw,1
flawless_knockoff,t5_6,7
flex_strongo,t5_6,0
flezgodrit,t5_2cneq,2
flightlessbird,t5_6,1
flightlessbird,t5_mouw,1
flippermatic,t5_2qgzy,2
flo,t5_6,22
floatnsink,t5_6,9
florinandrei,t5_2fwo,8
flosch,t5_6,2
floydcraig,t5_6,1
fluff,t5_6,1
flushing_goldfish,t5_2fwo,-6
flushing_goldfish,t5_6,1
flyingfox,t5_2fwo,3
flyingfredcurry,t5_6,10
fmota,t5_2cneq,2
fmota,t5_6,-1
fnord123,t5_2fwo,3
fnord123,t5_2h84o,1
fnord123,t5_6,18
foghaze,t5_6,1
foldl,t5_2fwo,10
foldl,t5_mouw,5
fonely,t5_6,1
foole,t5_6,3
foolfromhell,t5_2cneq,11
foolfromhell,t5_2fwo,2
foolfromhell,t5_6,94
foolfromhell,t5_mouw,11
foolinator,t5_2cneq,39
foolinator,t5_6,5
foonly,t5_2fwo,12
foos,t5_mouw,21
forgetpsp,t5_6,9
forgetu,t5_6,3
forgetwest,t5_2cneq,-3
forgetwest,t5_6,2
formerDigger,t5_2cneq,1
foxandrewd,t5_6,1
foxyvixen,t5_6,1
fr1j0l3,t5_2fwo,2
fr1j0l3,t5_6,5
frankus,t5_6,1
frasmage,t5_2cneq,19
frecklefaerie,t5_6,1
fredrikj,t5_6,2
fredy,t5_6,1
free-incest-porn,t5_6,1
free-rape-porn,t5_6,1
freebeetree,t5_2fwo,2
freebeetree,t5_6,8
freedomISslavery,t5_6,5
freeradical97,t5_2fwo,2
freeradical97,t5_6,6
freesecrets,t5_6,1
freexe,t5_2fwo,3
freexe,t5_6,21
frickindeal,t5_6,5
friscobob,t5_6,17
frivol1ty,t5_6,21
frobischer,t5_6,7
froggy000,t5_6,1
frogking,t5_6,8
frogster2,t5_2cneq,13
frogster2,t5_6,-3
froydnj,t5_2fwo,4
frugnal,t5_6,2
frukt,t5_2fwo,6
frukt,t5_6,16
frukt,t5_mouw,15
frunt,t5_6,53
frunt,t5_mouw,1
frutiger,t5_2fwo,16
frutiger,t5_6,144
frutiger,t5_mouw,0
fryman,t5_6,8
fubo,t5_6,0
fuglybear,t5_6,2
funkDoc,t5_2cneq,160
funkDoc,t5_6,33
funkah,t5_6,15
funkmachine69,t5_6,6
funnypictures,t5_6,7
furry8,t5_2cneq,3
furry8,t5_6,4
furry8,t5_mouw,47
furyg3,t5_2cneq,7
furyg3,t5_6,61
fuzzo,t5_6,2
fxj,t5_2fwo,1
gabstero,t5_6,1
gadgetsYao,t5_6,1
gaggedbythealien,t5_2fwo,3
gaggedbythealien,t5_2qgzg,1
gaggedbythealien,t5_6,18
galagher,t5_6,3
galahad_11,t5_6,1
garuda123,t5_2qh0f,1
garygnu,t5_6,7
garynick,t5_6,1
garyp714,t5_2cneq,0
garyp714,t5_6,53
garyr_h,t5_2cneq,1
gasface,t5_6,69
gaunilo,t5_6,0
gauriemma,t5_2cneq,10
gauriemma,t5_6,446
gbacon,t5_2cneq,11
gbacon,t5_2fwo,19
gbacon,t5_6,34
gbeier,t5_2cneq,4
gcalpo,t5_6,9
geeeeoffff,t5_2cneq,-15
geeeeoffff,t5_6,45
geekmaster01,t5_2cneq,1
geekmaster01,t5_2fwo,1
geekmaster01,t5_2qgzy,2
geekmaster01,t5_49zi,1
geekmaster01,t5_6,3
geekmaster01,t5_mouw,1
gemaco,t5_6,2
genericshell,t5_vf2,4
geocar,t5_2fwo,3
georgefrick,t5_2fwo,21
georgefrick,t5_6,37
georgiabiker,t5_6,12
georgiabiker,t5_mouw,5
gerritvb,t5_6,3
gfindlay,t5_2qh03,1
gfixler,t5_mouw,2
gid13,t5_2cneq,30
gid13,t5_6,31
gid13,t5_mouw,19
gigaquack,t5_6,49
gimeit,t5_2cneq,28
gimeit,t5_6,16
gimeit,t5_mouw,3
giodude,t5_6,1
gizzledos,t5_6,8
glasspattern,t5_6,1
glaster,t5_2cneq,0
glastohead,t5_6,13
glatts,t5_2qgzy,1
glen_quagmire,t5_6,3
glmory,t5_6,21
glmory,t5_mouw,53
gmcg,t5_6,11
gmcreddit,t5_2qgzg,1
gmfawcett,t5_2fwo,2
gmnotyet,t5_6,1
gmnotyet,t5_mouw,-8
gnaritas,t5_mouw,4
gnossos,t5_2cneq,5
gnossos,t5_2fwo,5
gnuvince,t5_2fwo,100
gnuvince,t5_6,28
goandeatsomestuff,t5_6,1
goltrpoat,t5_2fwo,5
gonzopancho,t5_6,7
goo321,t5_6,6
goodanevil,t5_6,1
goodinformation,t5_6,1
googletrickedme,t5_6,1
goreisgay,t5_6,-25
gosporty,t5_6,1
gossipgirl5,t5_2qh0f,1
gosurob,t5_6,12
gotekix,t5_6,42
grand3,t5_2qh0f,1
grandhighwonko,t5_6,3
gratdbat,t5_6,1
grauenwolf,t5_2fwo,115
grauenwolf,t5_6,2
grav,t5_2fwo,17
gravity,t5_2fwo,18
greenascanbe,t5_6,25
greentangent,t5_6,1
gregkitson,t5_6,2
gregory70,t5_6,0
greim,t5_6,0
grignr,t5_6,2
grignr,t5_mouw,28
grimetooth,t5_6,1
grimtooth,t5_2cneq,1
grneyedredhd,t5_6,3
groundstate,t5_6,1
grovulent,t5_mouw,2
grzelakc,t5_6,40
gschizas,t5_2fwo,13
gschizas,t5_6,3
gsg,t5_2fwo,4
gtg681r,t5_2cneq,2
gthank,t5_2fwo,21
gtj,t5_2cneq,1
gtj,t5_6,2
guest,t5_2cneq,30
guest,t5_6,33
guest,t5_vf2,1
gugun,t5_2qh0f,0
gugun,t5_6,1
guisar,t5_6,1
gumjo,t5_2cneq,3
gumjo,t5_6,6
gunnaf,t5_6,10
guriboysf,t5_2cneq,6
guriboysf,t5_2fwo,9
guriboysf,t5_6,29
guriboysf,t5_vf2,2
guswatkins,t5_2cneq,45
gvsteve,t5_2cneq,54
gvsteve,t5_6,24
gwenny,t5_6,2
gwern,t5_2fwo,22
gwern,t5_6,36
gwheeler,t5_6,3
gxti,t5_2fwo,2
h-town,t5_2cneq,-1
h-town,t5_6,0
h0dg3s,t5_6,-11
h2gofast,t5_2cneq,-8
h2gofast,t5_6,10
h3h,t5_6,1
h_zine,t5_6,1
haagmm,t5_6,6
haasted,t5_2fwo,3
hadingrh,t5_6,1
hafizr,t5_6,22
hagrid,t5_6,1
haifastudent,t5_6,1
hailbail101,t5_6,2
hailstone,t5_6,12
halcy,t5_6,3
halcyon,t5_2cneq,4
halcyon,t5_6,1
halo,t5_6,14
halothreetv,t5_2qh0f,0
halothreetv,t5_6,0
halu,t5_2fwo,15
halu,t5_6,1
hamsterboy,t5_2fwo,7
hamutaro,t5_6,26
haonusa,t5_2qh0f,1
haonusa,t5_6,5
happierr,t5_6,-1
happpslip,t5_vf2,1
happydahg,t5_6,19
happyhappyhappy,t5_2fwo,53
happyjuggler0,t5_2cneq,80
happymaskshopguy,t5_2qh03,1
happysinger,t5_6,3
happywaffle,t5_6,33
harlon57,t5_6,0
harlos,t5_2fwo,6
harryf,t5_2fwo,5
harryf,t5_6,16
harvard_law_school,t5_6,3
hattmoward,t5_6,2
havesometea1,t5_2cneq,6
havesometea1,t5_6,39
havesometea1,t5_mouw,1
hawk13,t5_vf2,2
haydenf,t5_6,6
haydenimsm,t5_6,1
haywire,t5_2cneq,3
haywire,t5_2fwo,17
haywire,t5_6,10
haywire,t5_vf2,-1
healing,t5_6,6
hecubus,t5_6,6
hejog,t5_6,3
helloo,t5_6,1
hen,t5_6,1
hencethus,t5_6,3
hencethus,t5_mouw,17
hennell,t5_2cneq,31
hennell,t5_6,1
herdrick,t5_2fwo,1
heretik,t5_vf2,1
herminator,t5_mouw,1
hexayurt,t5_2cneq,1
hexayurt,t5_2fwo,6
hexed,t5_6,73
hexmode,t5_6,4
hfaber,t5_6,4
hhh333,t5_2cneq,2
hhh333,t5_2fwo,4
hhh333,t5_6,65
hhh333,t5_mouw,36
hiS_oWn,t5_2cneq,33
hiS_oWn,t5_6,12
hiS_oWn,t5_mouw,41
hibryd,t5_mouw,22
hiiii21,t5_6,0
hillgod,t5_6,29
hillgod,t5_vf2,3
hipsurgery,t5_6,2
hiredgoon,t5_2cneq,4
hiredgoon,t5_6,4
hitek1,t5_6,2
hnyakwai,t5_2cneq,16
hoaznod,t5_2qh03,2
hober,t5_mouw,3
hockeyschtick,t5_2cneq,-2
hockeyschtick,t5_6,8
hockeyschtick,t5_mouw,34
hoijarvi,t5_2fwo,28
hollaworld,t5_2fwo,13
hollaworld,t5_6,10
holysocks,t5_6,0
homie66,t5_6,1
honkytonks,t5_2cneq,13
hoobyjuice,t5_6,2
hoopycat,t5_6,2
hoosabrat,t5_6,4
hoosier45678,t5_2fwo,1
hopeless_case,t5_2cneq,3
hopeless_case,t5_2fwo,13
hopeseekr,t5_2cneq,0
hopeseekr,t5_6,3
horseloverfat,t5_6,5
hoskerism,t5_mouw,1
hoss-style,t5_2cneq,1
hoss-style,t5_vf2,12
hossstyle,t5_6,2
hotani,t5_6,1
hotelguru,t5_6,3
hotlemon,t5_mouw,6
houdini,t5_2fwo,99
houdini,t5_2h84o,1
hralman,t5_6,2
hsfrey,t5_6,3
hstokols,t5_6,1
hughperson,t5_6,22
hughperson,t5_mouw,40
hukedonfonix,t5_2fwo,-4
hukedonfonix,t5_6,2
hungarian33,t5_6,3
hungryhungryhorus,t5_6,8
hungryhungryhorus,t5_mouw,4
hunterorion,t5_2cneq,4
hunterorion,t5_6,20
hupp,t5_2h84o,1
huxtiblejones,t5_2cneq,-13
huxtiblejones,t5_2qh03,22
huxtiblejones,t5_6,4
huxtiblejones,t5_mouw,2
hydralisk,t5_6,2
hyena,t5_6,1
hyperobama,t5_6,3
hypo11,t5_2fwo,16
iSteve,t5_6,1
iamjason,t5_2fwo,2
ianbanks,t5_2fwo,37
ibsulon,t5_6,27
icefox,t5_2fwo,19
icefox,t5_6,15
icemoutspring,t5_2fwo,3
icey,t5_2fwo,3
idarling,t5_2cneq,6
ido,t5_2fwo,1
idogcow,t5_6,2
idreamincode,t5_6,1
ifindstuff,t5_2cneq,-111
ifindstuff,t5_6,-4
igeldard,t5_2cneq,1
igiveyoumylife,t5_2cneq,1
igiveyoumylife,t5_2qh0f,0
igiveyoumylife,t5_6,43
igiveyoumylife,t5_mouw,3
igiveyoumylife,t5_vf2,3
igouy,t5_2fwo,6
iheartbeer,t5_6,5
illiaster,t5_6,5
illini,t5_6,1
illuminatedwax,t5_2cneq,-13
illuminatedwax,t5_2fwo,41
illuminatedwax,t5_6,56
ily4eande0k,t5_6,0
im_yo_mans_wif3y,t5_6,1
imacsandra,t5_6,3
imbaczek,t5_2fwo,-4
imed5,t5_6,2
imforpbj,t5_6,1
imgoingtogetdowned,t5_6,20
imk,t5_2cneq,1
imk,t5_6,3
immrlizard,t5_6,2
impeachthem,t5_2cneq,1
impeachthem,t5_6,1
in8joy,t5_2cneq,8
in8joy,t5_6,1
indigo-alien,t5_6,3
indigoalien,t5_6,6
indigoshift,t5_2cneq,2
indigoshift,t5_2qh03,2
indigoshift,t5_6,120
indigoshift,t5_mouw,54
indrax,t5_6,1
indurain,t5_2fwo,12
inerte,t5_6,1
infinite,t5_2cneq,1
infinite,t5_2fwo,1
infinite,t5_6,7
inghamb87,t5_mouw,5
inglislumpy,t5_mouw,-1
inigo_montoya,t5_mouw,2
initself,t5_6,1
inkieminstrel,t5_2fwo,39
innerspirit,t5_2cneq,1
innerspirit,t5_6,8
innocentbystander,t5_2cneq,5
innocentbystander,t5_2qh03,10
innocentbystander,t5_6,44
innqubus,t5_6,1
inopia,t5_2fwo,7
insect_song,t5_2fwo,6
interiot,t5_2fwo,6
interiot,t5_2h84o,0
interiot,t5_6,108
interjay,t5_6,60
interstate,t5_2cneq,1
interstate,t5_6,28
intrepion,t5_6,3
ioki,t5_6,1
ioneluka,t5_6,1
ioneluka,t5_mouw,3
iorgus,t5_6,1
iorgus,t5_mouw,3
ioxoi,t5_6,5
ipa-iba,t5_2cneq,22
irishkev,t5_6,1
irishredneck1983,t5_2cneq,26
irishredneck1983,t5_6,83
irony,t5_6,5
irregardless,t5_6,14
isawthiscoming,t5_6,-1
ishwar,t5_6,1
isleshocky,t5_6,2
isthis,t5_2cneq,16
isthis,t5_6,23
isthis,t5_mouw,3
itodd,t5_6,3
itrends,t5_6,5
itsmeront,t5_2fwo,1
ivango,t5_6,2
ivrydov,t5_6,-2
izrits0122,t5_6,4
j0hnsd,t5_2cneq,16
j0hnsd,t5_2fwo,27
j0hnsd,t5_6,9
j0hnsd,t5_mouw,9
j_a_p,t5_2cneq,1
j_a_p,t5_6,1
j_johnso,t5_6,2
ja30278,t5_6,4
jack_alexander,t5_2fwo,1
jack_alexander,t5_6,14
jacklail,t5_6,1
jackson_tom,t5_6,1
jacktheripper,t5_mouw,0
jackystan,t5_2fwo,11
jaemccall,t5_6,25
jagerbomb,t5_2fwo,1
jaggederest,t5_2fwo,1
jaggederest,t5_6,1
jake3988,t5_2qgzt,2
jake3988,t5_6,8
jal3473,t5_mouw,1
jamesgreddit,t5_6,2
jameslaw,t5_6,8
jamesmarshall,t5_6,1
jamesshuang,t5_6,5
jamiemccarthy,t5_2cneq,-10
jamiemccarthy,t5_6,14
jamiepitts,t5_2qgzg,1
jamierc,t5_6,3
jamjam288,t5_1efbr,2
jamke,t5_6,41
jamoes,t5_2cneq,1
jan,t5_22i0,4
janiceherts10,t5_6,1
jansuza,t5_6,1
jasonivers,t5_6,-2
jasonmc,t5_2fwo,9
jasonmc,t5_6,2
jasperx,t5_2cneq,1
jassie,t5_6,1
javaru,t5_6,20
javaru2,t5_6,35
jay_vee,t5_6,7
jaybal,t5_6,-2
jayrot,t5_6,2
jayssite,t5_6,44
jazmynmarie,t5_6,-1
jba,t5_6,1
jbellis,t5_2fwo,10
jbert,t5_2fwo,19
jbiz,t5_6,3
jbrendel,t5_2fwo,1
jbsmith,t5_6,3
jbstjohn,t5_2cneq,2
jbstjohn,t5_2fwo,-1
jc_mizzle,t5_6,33
jcache,t5_2cneq,-236
jcache,t5_6,-5
jcarr,t5_6,4
jcastle,t5_6,1
jcastle,t5_mouw,0
jchase2,t5_6,3
jclsfx,t5_6,1
jcolman,t5_6,2
jcorkern,t5_2cneq,0
jcorn,t5_6,1
jcy,t5_6,1
jczerg68,t5_6,1
jdale27,t5_2fwo,4
jdbranded,t5_2cneq,1
jdbranded,t5_6,1
jdharper,t5_6,21
jdizzle2x,t5_6,1
jdk,t5_2cneq,7
jdk,t5_2fwo,3
jdlugozima,t5_6,1
jdunck,t5_2fwo,17
jdunck,t5_6,0
jeanette3654,t5_2cneq,22
jeanette3654,t5_6,1
jeanfitzgerald,t5_6,-25
jeanfitzgerald,t5_mouw,20
jeanlucpikachu,t5_2qgzg,-1
jeanlucpikachu,t5_6,8
jeanlucpikachu,t5_mouw,-1
jeannaimard,t5_6,60
jeannaimard,t5_mouw,6
jeb,t5_2cneq,2
jeb,t5_6,11
jedberg,t5_6,16
jeffglucker,t5_2qgzy,17
jeffglucker,t5_6,15
jeffglucker,t5_mouw,20
jeffreyml,t5_2qgzg,0
jeffreyml,t5_6,0
jemminger,t5_6,15
jennyfrommoli,t5_6,1
jensql,t5_6,1
jerechos,t5_2cneq,-1
jeremyh42,t5_mouw,2
jeresig,t5_6,41
jerf,t5_2fwo,50
jes6ica,t5_2cneq,42
jes6ica,t5_6,2
jessegberg,t5_6,1
jessicapinnock,t5_6,1
jester02k,t5_6,0
jeyoung,t5_2fwo,10
jeyoung,t5_6,60
jeywortal,t5_6,1
jezmck,t5_6,0
jf1234,t5_6,1
jfedor,t5_6,3
jfpbookworm,t5_2fwo,7
jfpbookworm,t5_2qh03,11
jfpbookworm,t5_6,1
jfpbookworm,t5_mouw,3
jgareddog,t5_6,8
jillsy,t5_6,1
jimbecile,t5_6,3
jimbo00000,t5_6,1
jimbo183,t5_6,1
jimbobhickville,t5_2qh03,2
jimbokun,t5_2cneq,9
jimbokun,t5_2fwo,34
jimbokun,t5_6,30
jimdesu,t5_2cneq,6
jimdorey,t5_6,1
jimgardner1973,t5_6,1
jimmyi,t5_2cneq,8
jimmyi,t5_6,6
jimmywanger,t5_2fwo,12
jimpoir,t5_6,1
jinendu,t5_6,1
jingo04,t5_6,1
jjlava,t5_6,2
jjmac,t5_6,2
jjo_chicago,t5_6,1
jkerwin,t5_6,4
jkharris,t5_2fwo,1
jkharris,t5_2qh03,5
jkharris,t5_6,5
jkndrkn,t5_2fwo,35
jlbraun,t5_2cneq,-1
jlbraun,t5_6,3
jlbraun,t5_mouw,5
jlc,t5_2fwo,5
jleedev,t5_6,15
jmackinn,t5_6,7
jmacx,t5_2cneq,5
jmanblu,t5_6,2
jmcgarry,t5_2qgzg,1
jmelesky,t5_2fwo,6
jmhodges,t5_2fwo,2
jmmcd,t5_6,13
jmmcd,t5_mouw,16
jmonee84,t5_mouw,6
jmzhodge,t5_6,46
jmzook,t5_6,5
jng,t5_2fwo,13
jnk,t5_6,-2
joaomc,t5_2fwo,5
joe24pack,t5_2cneq,15
joe24pack,t5_2fwo,47
joe24pack,t5_6,6
joe90210,t5_6,-7
joe90210,t5_mouw,4
joe90210,t5_vf2,8
joe_archer,t5_6,9
joeldevahl,t5_2fwo,34
joelhardi,t5_2fwo,3
joelhardi,t5_6,4
joeljkp,t5_6,1
joelrw,t5_6,0
joenobody,t5_6,1
johizzle,t5_6,2
johnbentley,t5_6,25
johndoesnt,t5_mouw,2
johnfredcee,t5_2fwo,20
johnhutch,t5_2fwo,20
johnmudd,t5_2fwo,1
johnmudd,t5_2qgzt,1
johnmudd,t5_6,3
johnmudd,t5_mouw,4
johnnyrocket7,t5_6,1
johnrobs,t5_6,2
johnsonharb,t5_6,1
johnw188,t5_2cneq,3
johnw188,t5_6,0
jojopotato,t5_2fwo,1
jojotdfb,t5_2fwo,4
jojotdfb,t5_6,1
jollyminstrel,t5_6,1
jomama,t5_2cneq,33
jomynow,t5_6,18
jon_titor,t5_2cneq,13
jon_titor,t5_6,20
jon_titor,t5_mouw,2
jones77,t5_2cneq,3
jones77,t5_2fwo,7
jones77,t5_6,29
jones77,t5_mouw,-1
jonhohle,t5_2fwo,6
jonknee,t5_6,2
jonnyathan,t5_6,8
jopejope,t5_6,10
jordanlund,t5_2cneq,26
jordanlund,t5_6,16
jordanlund,t5_mouw,35
jordanwillms,t5_6,1
josef,t5_2fwo,1
josefek,t5_2cneq,35
josh42042,t5_mouw,1
joshd,t5_2fwo,3
joshd,t5_6,85
joshdick,t5_2cneq,1
joshdick,t5_6,11
joshdick,t5_mouw,2
joshmcfarlane,t5_2fwo,2
joshmcfarlane,t5_6,6
joshstix,t5_6,2
joshwa,t5_6,33
jotaroh,t5_2cneq,2
jotaroh,t5_2fwo,11
jotaroh,t5_6,9
joyork,t5_2cneq,8
joyork,t5_6,106
jp3fn,t5_6,1
jpark,t5_2cneq,1
jparram,t5_6,2
jpdemers,t5_mouw,3
jramon,t5_6,20
jrandom,t5_6,9
jrandom,t5_mouw,1
jre2,t5_2fwo,8
jrforreal,t5_6,1
jrnewton,t5_2fwo,5
jrobelen,t5_6,1
jrockway,t5_2fwo,44
jrockway,t5_6,8
jrockway,t5_mouw,1
jroes,t5_mouw,11
jrrl,t5_2fwo,11
jseigh,t5_2fwo,2
jsh,t5_2cneq,7
jsh,t5_2fwo,20
jsnx,t5_2fwo,4
jsnx,t5_6,-6
jsnx,t5_vf2,6
jsolson,t5_2fwo,36
jspam,t5_6,1
jsteck,t5_6,1
jsteck1,t5_6,1
jstone,t5_1efbr,0
jstully,t5_6,1
judgej2,t5_2fwo,37
judgej2,t5_6,97
judgej2,t5_mouw,12
julesjacobs,t5_2fwo,2
jumpoooo,t5_6,1
jungle_jim,t5_6,9
jungoh,t5_6,12
juri,t5_2fwo,6
justajohn,t5_2cneq,2
justajohn,t5_6,2
justiceminded,t5_6,4
justincase1021,t5_6,2
justinhj,t5_2fwo,6
justinhj,t5_mouw,21
juststopit,t5_2cneq,0
juststopit,t5_6,17
jutb,t5_6,1
jvine,t5_6,0
jward,t5_6,7
k05h,t5_2fwo,2
k0mplex,t5_6,11
k3n0b1,t5_2cneq,124
kahirsch,t5_2fwo,5
kaitepoo33,t5_6,2
kanak,t5_2cneq,0
kangarooman,t5_2fwo,12
kansas_stoner,t5_6,1
kanuk876,t5_6,1
kapaka,t5_2fwo,4
kapuchinski,t5_6,1
karcass,t5_6,4
karenfish,t5_6,1
karim_zone,t5_6,1
karla494,t5_6,3
karlhungus,t5_2fwo,2
karlhungus,t5_6,9
karmakat,t5_6,1
karooch,t5_6,1
katny,t5_mouw,1
kbedell,t5_2cneq,-2
kbedell,t5_3b8o,1
kbedell,t5_6,4
kbedell,t5_mouw,3
kcjameson,t5_2cneq,85
kcjameson,t5_2qgzt,1
kcjameson,t5_6,110
kcjameson,t5_mouw,0
keeish,t5_2fwo,3
keen75,t5_6,2
keikun17,t5_2qh03,3
keikun17,t5_6,1
keithb,t5_6,6
kelan,t5_2cneq,2
kelan,t5_2qgzg,2
kelmr2003,t5_6,12
kelmr2003,t5_mouw,30
kenb215,t5_2cneq,0
kenjb,t5_6,1
kenlubin,t5_2cneq,7
kennyreborn,t5_6,4
kenotic,t5_6,1
kentw7,t5_6,2
kermityfrog,t5_2cneq,6
kermityfrog,t5_6,143
kermityfrog,t5_mouw,5
kernelhappy,t5_2cneq,4
ketralnis,t5_2fwo,7
ketralnis,t5_6,20
kevingoodsell,t5_6,2
kevinliebrock,t5_6,2
kevintmckay,t5_2qgzy,1
kevlarcupid,t5_6,5
kevorama822,t5_mouw,3
keyrat,t5_6,2
kflasch,t5_6,6
kg2,t5_2cneq,43
kg2,t5_2fwo,32
kg2,t5_6,28
kgen,t5_6,1
khafra,t5_2cneq,2
khafra,t5_mouw,8
khanseo7,t5_6,1
khookie,t5_2fwo,5
khoury,t5_2cneq,43
khoury,t5_6,160
kickstand,t5_6,1
kidatheart,t5_6,15
kidfury,t5_6,3
kikaerter,t5_2fwo,15
kikaerter,t5_6,1
kiloglobin,t5_6,17
kimbele,t5_6,1
kimwim42,t5_2cneq,3
kimwim42,t5_6,31
kindall,t5_2fwo,18
kindall,t5_6,17
kinebud,t5_2fwo,4
kingmattyd,t5_6,1
kinkydarkbird,t5_mouw,20
kir292,t5_6,1
kirankumar123,t5_6,1
kiwiburger,t5_6,2
kiwipete,t5_6,5
kkenn,t5_6,4
kkenn,t5_mouw,0
kkrev,t5_mouw,-2
kla,t5_2cneq,1
kla,t5_6,1
klaruz,t5_2fwo,7
klausiwegi,t5_6,1
klk,t5_6,2
klyde,t5_6,2
kmactane,t5_2cneq,2
kmactane,t5_2fwo,8
kman001,t5_6,1
knopka,t5_247i,1
knullare,t5_6,3
knylok,t5_2cneq,7
knylok,t5_6,30
kogus,t5_6,24
kokey,t5_2fwo,-8
kokooo,t5_vf2,0
kolektiv,t5_2fwo,5
kolm,t5_2cneq,1
kolm,t5_6,5
komodo,t5_6,3
kontra,t5_6,1
koryk,t5_2fwo,2
kp2575,t5_6,-1
kpw1179,t5_2cneq,4
kpw1179,t5_6,11
kreg,t5_vf2,2
krelian,t5_6,-1
kripkenstein,t5_6,114
kripkenstein,t5_mouw,14
kris58luke,t5_6,1
krugerlive,t5_2cneq,61
krugerlive,t5_6,1
krum,t5_mouw,0
kstr,t5_2fwo,1
ktshudy,t5_6,1
kukon,t5_mouw,0
kuwabara02,t5_6,1
kvs_81,t5_6,4
kwatz,t5_2fwo,1
kwatz,t5_6,8
kwirq,t5_6,33
kylev,t5_6,3
kyote,t5_6,48
kyote,t5_mouw,15
kyprbl,t5_6,2
l-rs2,t5_6,12
l12,t5_2cneq,0
l12,t5_6,1
labruinbear,t5_6,2
laconicfunk,t5_6,1
lalaland4711,t5_2fwo,20
lambert,t5_6,3
lanaer,t5_6,64
landercut,t5_6,2
landtuna,t5_mouw,4
lani,t5_mouw,1
laprice,t5_2cneq,4
laprice,t5_6,22
laptop9,t5_6,0
larholm,t5_6,2
larisso,t5_6,1
larrypastore,t5_2fwo,5
larrypastore,t5_6,36
larrypastore,t5_mouw,1
larsga,t5_6,4
laughingboy,t5_2fwo,18
laughingboy,t5_6,5
laura1167,t5_6,2
lavidavegas,t5_6,1
lazyies,t5_1rqwi,1
lbft,t5_6,45
lbkxx21,t5_6,1
lbruno,t5_2fwo,16
ldrager,t5_2cneq,4
ldrager,t5_6,9
ldrews,t5_2cneq,2
leTao,t5_6,22
leTao,t5_vf2,4
leadhead,t5_6,1
leafjumper,t5_2cneq,3
leafjumper,t5_2qgzy,2
lean,t5_2qh0f,1
leandroc76,t5_mouw,4
lebski88,t5_6,24
lectrick,t5_mouw,8
leesmithmeister,t5_6,1
leetraupel,t5_2fwo,5
leevancleef,t5_6,122
lennox125,t5_2fwo,2
leobaby,t5_6,10
leoboiko,t5_6,8
leokennis,t5_2cneq,5
leokennis,t5_6,13
leonh,t5_2fwo,1
leonh,t5_6,66
leonlavigne,t5_2qgzg,1
lepton,t5_6,1
lespea,t5_2fwo,17
lespea,t5_6,6
letired,t5_6,3
lettuce,t5_2qh03,1
liberal_one,t5_6,1
liberatedword,t5_6,8
libraryguy,t5_2fwo,3
libroll,t5_6,2
lifeform,t5_6,3
liferebootdotcom,t5_6,0
likeninja,t5_6,1
lil-me,t5_6,-7
lil200715,t5_6,1
liminaltimes,t5_mouw,14
lindsifer,t5_2cneq,1
lindsifer,t5_6,25
link2zelda,t5_2cneq,2
link2zelda,t5_6,-6
linsage,t5_6,1
liquidcola,t5_2cneq,3
liquidcola,t5_6,2
liquidcola,t5_mouw,3
livetoad,t5_mouw,0
livingplanet,t5_6,1
lizard28,t5_6,2
ljl430,t5_6,-5
lk9,t5_6,1
llamakris,t5_6,1
lliiffee,t5_2cneq,1
lliiffee,t5_6,72
llimllib,t5_2fwo,33
llimllib,t5_6,4
lma,t5_2cneq,78
lma,t5_6,20
lma,t5_mouw,5
lma,t5_vf2,1
load_more_comments,t5_6,-5
loadmorecomments,t5_6,11
locutus_the_troll,t5_2cneq,1
locutus_the_troll,t5_6,3
logan_capaldo,t5_2fwo,10
loganthecat,t5_6,0
logistix,t5_2fwo,20
logophobic,t5_6,1
logoswar,t5_2qgzy,10
lojomofo,t5_mouw,13
lolbang,t5_6,10
lolkittah,t5_6,8
lolomfgkthxbai,t5_6,0
lolomfgkthxbai,t5_mouw,42
londonwest,t5_6,1
londonzoo,t5_6,45
londonzoo,t5_mouw,4
longrides,t5_2qgzg,2
lonjerpc,t5_6,11
lookingchris,t5_2cneq,2
lordnuri,t5_6,3
lost-theory,t5_2h84o,2
lostinbangkok,t5_6,1
lostwolf,t5_6,0
losvedir,t5_6,8
lothair,t5_2cneq,1
lothair,t5_2fwo,2
lothair,t5_6,0
louis_xiv42,t5_2cneq,7
louis_xiv42,t5_6,-7
loveandlight,t5_6,7
loveckt,t5_6,3
loveismusic2112,t5_6,5
lowdown,t5_2cneq,4
lowdown,t5_6,9
lowerdown,t5_6,1
lowspeed,t5_6,38
lowtone94,t5_6,4
lozierj,t5_6,2
lrknapp,t5_6,1
ltriant,t5_mouw,1
luana1980,t5_6,1
lucajuggler,t5_6,8
lucifercain,t5_6,5
ludwig1024,t5_2fwo,10
lulula,t5_6,1
lulzlulz,t5_6,2
lumpy1981,t5_2cneq,2
lumpy1981,t5_2fwo,1
lumpy1981,t5_6,19
lumpy1981,t5_mouw,2
luvisashockwave,t5_2qh03,2
lvlonewolf,t5_6,2
lylia,t5_6,17
lyon,t5_6,3
lyrics456,t5_6,0
m1k3yc,t5_2fwo,-3
m4dc4p,t5_2fwo,8
m_tayseer,t5_2fwo,3
ma1kel,t5_6,16
mackprime,t5_6,1
macuser25,t5_6,1
madcow44820,t5_2cneq,5
madcow44820,t5_6,0
maddAddam,t5_6,1
madmarigold,t5_6,1
madmax6,t5_6,2
madmax_br5,t5_6,5
madronedorf,t5_2cneq,6
madronedorf,t5_6,1
magikaru,t5_6,21
magnus,t5_2fwo,3
magnus,t5_6,2
magnusjonsson,t5_2fwo,12
magpi3,t5_6,21
mahlankeruu,t5_6,2
maht0x0r,t5_6,1
majorincubus67,t5_2cneq,-5
majorincubus67,t5_2fwo,5
majorincubus67,t5_6,2
majorneo,t5_2cneq,4
majorneo,t5_6,4
makuyk00,t5_2cneq,2
malanalars,t5_6,1
malapropist,t5_6,4
malavel,t5_6,9
malcontent,t5_2cneq,20
malcontent,t5_2fwo,36
malcontent,t5_6,84
malicart,t5_6,2
mandalalala,t5_6,3
mang90,t5_6,59
mangi86,t5_2fwo,5
maniaq,t5_6,0
maniaq,t5_mouw,4
maninc,t5_2fwo,1
mant,t5_6,2
manthrax,t5_2cneq,-6
manthrax,t5_2fwo,44
mantra,t5_6,1
manuelgross,t5_6,1
manuellazala,t5_6,1
maqr,t5_2cneq,3
maqr,t5_6,3
maqr,t5_mouw,1
mardiem,t5_2qh03,1
marglexx,t5_2fwo,-1
marijn,t5_2fwo,54
markedtrees,t5_2fwo,40
markedtrees,t5_6,2
markfoster24,t5_6,7
markh1967,t5_6,11
markrages,t5_6,2
markwm,t5_6,0
marm0lade,t5_2cneq,6
marm0lade,t5_2qgzy,-8
marm0lade,t5_2qh03,1
marm0lade,t5_6,3
marthirial,t5_6,-16
martinbishop,t5_2fwo,38
martoo,t5_2fwo,20
martoo,t5_6,29
maryummy,t5_2cneq,2
maryummy,t5_6,1
maseno,t5_6,4
maseno,t5_mouw,8
mashael,t5_6,-1
masklinn,t5_2fwo,117
masklinn,t5_2h84o,2
masklinn,t5_6,123
masklinn,t5_mouw,25
masta,t5_2qh03,2
masta,t5_6,149
master_gopher,t5_6,26
master_gopher,t5_mouw,8
mat111,t5_6,1
mathewjm,t5_2fwo,1
mattOmynameO,t5_6,9
mattbarclay,t5_6,-2
matthank,t5_2cneq,1
matthank,t5_2fwo,0
matthank,t5_6,13
mattingly,t5_6,2
mattkoj,t5_6,1
mattmason,t5_6,0
matts2,t5_2cneq,45
matts2,t5_6,21
matts2,t5_mouw,11
mattsta,t5_6,1
mattttt,t5_6,1
mattucf,t5_2fwo,7
maxtangent,t5_6,0
maxwellhill,t5_2cneq,5
maxwellhill,t5_6,31
mayoff,t5_2qh03,2
mayuge_born,t5_22i6,1
mazman23,t5_2cneq,-14
mazman23,t5_6,1
mbrezu,t5_2fwo,2
mbuf,t5_6,-5
mcantelon,t5_2fwo,15
mcao,t5_mouw,1
mcfl36,t5_6,2
mcfunley,t5_2fwo,61
mch,t5_6,2
mchlsync,t5_6,1
mckooiker,t5_6,1
mcm69,t5_6,-2
mcman,t5_6,1
mcrezin,t5_6,1
mcsalmon,t5_6,1
mcwifi,t5_2cneq,37
mcwifi,t5_6,4
mdickw,t5_6,2
mdreid,t5_2fwo,3
mdreid,t5_6,28
me2i81,t5_2fwo,21
medullaoblongata,t5_6,3
megablahblah,t5_2cneq,2
megablahblah,t5_6,4
meglet,t5_6,58
mejusthavin,t5_6,-1
meldroc,t5_2cneq,6
melindadolittle,t5_6,1
mentol,t5_6,4
mentol,t5_mouw,2
mer1,t5_2cneq,1
mercurialohearn,t5_6,2
merjoem32,t5_2qgzg,0
metaperl,t5_2fwo,1
methothick,t5_2cneq,0
methothick,t5_6,0
methothick,t5_mouw,2
metmerc,t5_6,48
mexicodoug,t5_2cneq,6
mexicodoug,t5_6,80
mexicodoug,t5_mouw,6
mf4633,t5_2cneq,1
mgalvin,t5_mouw,48
mglasspo,t5_6,40
mhd,t5_2fwo,19
miamuy,t5_6,-1
micahglasser,t5_2cneq,3
michael333,t5_mouw,5
michaelGregoire,t5_6,1
michaelco,t5_2cneq,0
michaelco,t5_6,0
micje,t5_2fwo,1
miero,t5_6,1
miero,t5_mouw,1
migsho,t5_6,2
mihnealucian,t5_6,3
mikaelhg,t5_2cneq,-4
mikedt,t5_6,73
mikenice1,t5_6,1
mikenick42,t5_2cneq,14
mikenick42,t5_6,13
mikepurvis,t5_2fwo,26
mikepurvis,t5_6,6
mikey2600,t5_2cneq,1
mikey2600,t5_6,1
mikey2600,t5_mouw,-1
mikkachops,t5_2cneq,5
mikkom,t5_6,3
mikm,t5_6,1
militant,t5_2qgzt,1
militant,t5_6,5
milkmandan,t5_6,1
millerlogic,t5_6,3
millstone,t5_2cneq,1
millstone,t5_2fwo,21
millstone,t5_6,2
millymilltown,t5_6,1
miltos7,t5_6,1
mindbleach,t5_2cneq,2
mindbleach,t5_6,97
mindovermatter,t5_6,3
minkyman,t5_21n6,1
missysue,t5_6,7
mistermajik2000,t5_2cneq,1
mistermajik2000,t5_6,30
mistermick,t5_6,82
mitoe,t5_6,2
mitsuhiko,t5_6,3
mitzip,t5_6,1
miyakohouou,t5_2fwo,12
miyakohouou,t5_6,8
mjd,t5_6,1
mjog,t5_2fwo,1
mjsolaro,t5_6,2
mk79,t5_6,2
mlambir,t5_2fwo,1
mleonhard,t5_2fwo,3
mlgoss,t5_6,4
mll,t5_6,1
mockablekaty,t5_6,1
moddestmouse,t5_2cneq,6
moddestmouse,t5_6,3
moderater,t5_2cneq,8
modestokun,t5_6,9
modulus,t5_2fwo,1
modulus,t5_6,-1
modus,t5_2cneq,8
mohawk,t5_2fwo,51
mollybolive,t5_6,1
momerath,t5_2cneq,36
momerath,t5_6,1
moneyprinter,t5_2cneq,10
moneyprinter,t5_6,14
moneysmartlife,t5_2qgzg,1
monkeymind,t5_6,2
monkeyx,t5_6,29
monkkbfr,t5_6,1
monsda,t5_2cneq,24
monsda,t5_6,4
montypython1087,t5_6,1
moobyseviltwin,t5_6,1
mooglor,t5_6,2
moogs,t5_6,61
moogs,t5_mouw,20
mookiemookie,t5_6,2
mooli,t5_2fwo,19
moom,t5_2cneq,12
moonballer,t5_6,1
moonman,t5_2cneq,2
moonman,t5_6,6
moonmeadow,t5_6,2
moonvase,t5_2cneq,6
moonvase,t5_2h84o,1
moonvase,t5_6,4
moorage,t5_2fwo,2
moosemanca,t5_2cneq,2
morelearning,t5_6,2
moriquendo,t5_2cneq,11
moriquendo,t5_6,121
moriquendo,t5_mouw,11
morituri,t5_2cneq,3
moriya,t5_2cneq,20
moriya,t5_6,37
morner,t5_2fwo,5
morner,t5_6,402
morner,t5_mouw,11
morselsrule,t5_2fwo,1
moskaudancer,t5_6,27
mossman,t5_6,1
moted,t5_2cneq,5
motormount,t5_6,1
mountainwampus,t5_2cneq,4
mouse_user,t5_6,8
mp3geek,t5_6,4
mpclark,t5_6,2
mpecsek,t5_2cneq,27
mpecsek,t5_6,11
mprovost,t5_2fwo,2
mr-datter,t5_6,3
mrBlonde,t5_2cneq,21
mrBlonde,t5_6,1
mr_chromatic,t5_2fwo,74
mr_libro,t5_6,1
mragreeable,t5_2cneq,14
mragreeable,t5_6,10
mralex,t5_2cneq,1
mralex,t5_6,2
mrbogle,t5_6,12
mrbroom,t5_2cneq,25
mrbroom,t5_6,7
mrcsparker,t5_6,7
mrcsparker,t5_mouw,1
mre5765,t5_6,1
mrmojorisingi,t5_2cneq,9
mrmojorisingi,t5_6,-1
mronge,t5_2fwo,4
mrp,t5_2fwo,9
mrp,t5_6,1
mrpc,t5_6,1
mrrain,t5_2qgzy,1
mrsample,t5_6,3
mrshlick,t5_6,0
mrsinkieminstrel,t5_6,2
mrskeleton,t5_2cneq,1
mrsockmonkey,t5_6,3
mrssilencedogood,t5_2cneq,0
mshade,t5_2cneq,6
mshade,t5_6,70
mshiltonj,t5_2cneq,2
mshiltonj,t5_6,1
mspossum,t5_6,1
mstram,t5_6,1
mtVessel,t5_6,1
mtech,t5_6,7
mtheory,t5_6,6
mtnkodiak,t5_6,3
mturk,t5_6,2
mtxblau,t5_2qgzy,1
mtxblau,t5_6,1
mudkips,t5_6,1
muleherd,t5_2fwo,3
mumrah,t5_6,1
munky_g,t5_6,0
munky_g,t5_mouw,1
murdochmacdonald,t5_6,1
muscleman67,t5_6,1
mushpuppy,t5_2qh03,1
mushpuppy,t5_6,6
mutatron,t5_6,1
mutatron,t5_mouw,0
mutatron,t5_vf2,3
muttleee,t5_6,3
muyuu,t5_6,3
mvcornelius,t5_6,90
mwilke,t5_6,125
mycall,t5_2fwo,5
mycall,t5_6,-2
myhime,t5_6,1
mynameishere,t5_2fwo,9
mynameishere,t5_6,11
mythic,t5_6,1
mythin,t5_6,14
n3m6,t5_6,1
n3tshell,t5_6,3
nachdenken,t5_6,1
nafai,t5_2fwo,2
nalf38,t5_2cneq,2
nas5755,t5_6,2
nasorenga,t5_2fwo,26
nasorenga,t5_6,13
nasorenga,t5_mouw,3
nat5an,t5_2fwo,19
nat5an,t5_6,2
natch,t5_2fwo,0
natch,t5_6,4
nathanj,t5_2fwo,22
natrius,t5_2cneq,10
naughty,t5_2fwo,16
nciati,t5_6,13
ncod,t5_6,4
neat_stuff,t5_6,2
neat_stuff,t5_mouw,20
neatopat,t5_6,9
needsofthemany,t5_6,0
neeeeeep,t5_2fwo,2
neilc,t5_2fwo,5
neilk,t5_2cneq,7
neilk,t5_2fwo,4
neilk,t5_mouw,7
nelsonjs,t5_2cneq,1
nelsormensch,t5_2cneq,25
nelsormensch,t5_6,32
neoform2,t5_2cneq,25
neoform2,t5_6,123
neoform2,t5_mouw,-8
neoice,t5_2cneq,1
neoice,t5_2fwo,4
neoice,t5_6,29
neosiv,t5_6,10
neotrope,t5_6,11
nerdlor,t5_2cneq,1
nerox3,t5_2cneq,0
nerox3,t5_6,6
netsurfer,t5_6,1
neuquino,t5_2cneq,6
neutralforce,t5_6,2
neversummer427,t5_6,2
neversummer427,t5_vf2,1
nevesis,t5_2cneq,3
nevinera,t5_2fwo,5
nevinera,t5_6,85
newbill123,t5_6,4
newgrl,t5_6,4
newhen,t5_6,7
newmediajournal,t5_6,2
newsens,t5_2cneq,1
newton_dave,t5_2fwo,89
newton_dave,t5_6,60
newton_dave,t5_mouw,80
nextedge,t5_6,1
nexus2112,t5_2fwo,4
nglynn,t5_2fwo,19
nglynn,t5_6,2
ngroot,t5_6,1
nhippe,t5_6,1
nhomas,t5_2fwo,14
nhomas,t5_mouw,10
nicolas11,t5_2cneq,2
nicolas11,t5_2qh0f,1
nicolas11,t5_6,4
niels,t5_6,1
nigy,t5_6,0
niko33mo,t5_6,2
niller8p,t5_2fwo,3
nineoclock,t5_2cneq,0
nineoclock,t5_6,0
ninjagripjon3542,t5_6,1
ninjatune,t5_vf2,0
ninzee,t5_6,9
nitin98,t5_6,3
nitrousconsumed,t5_6,3
nixonrichard,t5_2cneq,30
nixonrichard,t5_6,25
nixonrichard,t5_mouw,181
njbartlett,t5_2fwo,10
nkktwotwozero,t5_6,14
nkuvu,t5_2fwo,1
nm1000,t5_2fwo,1
nmrk,t5_6,21
noamsml,t5_21n6,-1
noamsml,t5_2fwo,4
noamsml,t5_6,53
nobodysbusiness,t5_2fwo,2
noemrive,t5_2cneq,1
noemrive,t5_2qh0f,1
nofrak,t5_2cneq,9
nogami,t5_6,8
nogoodnick,t5_2fwo,2
nooneelse,t5_mouw,17
noram256,t5_6,10
norkakn,t5_2fwo,11
north,t5_6,3
noseyb,t5_6,3
nostrademons,t5_2fwo,9
nostrademons,t5_6,2
notfancy,t5_2fwo,12
notfancy,t5_6,12
nothing2seehere,t5_2qgzt,2
nothing2seehere,t5_6,6
notor,t5_2cneq,2
notor,t5_6,-26
notos,t5_mouw,2
notting,t5_2cneq,35
notting,t5_2qgzg,4
notting,t5_6,45
notting,t5_mouw,8
noury-goujjane,t5_6,-7
novagenesis,t5_2fwo,115
november_rain,t5_2qgzg,1
novous,t5_6,12
noyfbfoad,t5_vf2,1
npc,t5_2qgzt,2
nphinit,t5_6,1
npinguy,t5_6,2
nramenta,t5_2fwo,8
nsimpson,t5_3b8o,1
nuclear_eclipse,t5_2fwo,14
null_vector,t5_2fwo,1
nullynull,t5_6,2
number6,t5_2cneq,5
number6,t5_6,35
nventit2,t5_2cneq,1
nwootten,t5_6,-3
nwootten,t5_mouw,6
nzeeshan,t5_6,3
oalsaker,t5_6,86
oalsaker,t5_mouw,5
oddmanout,t5_6,2
oditogre,t5_2fwo,2
oditogre,t5_6,119
officemonkey,t5_2cneq,18
officemonkey,t5_2fwo,6
officemonkey,t5_6,148
officemonkey,t5_mouw,50
ogijun,t5_22i6,3
ohlala,t5_6,1
okeefe,t5_6,26
oku,t5_2cneq,12
oku,t5_6,2
olddoc,t5_6,2
olifante,t5_6,6
omtw,t5_mouw,3
onan,t5_2fwo,2
one1plus1one,t5_vf2,2
onelasttime,t5_6,1
onestab,t5_6,35
onetruejp,t5_2cneq,2
onetruejp,t5_6,76
onetruejp,t5_mouw,2
onlytalewetell,t5_6,1
onmytoes,t5_2fwo,2
opaken,t5_22i6,1
orangepeel,t5_6,1
oreng,t5_2fwo,10
organic,t5_2cneq,34
organic,t5_6,21
osipov,t5_6,5
osipov,t5_mouw,-7
oska,t5_2cneq,-1
oska,t5_6,6
oska,t5_mouw,8
otakucode,t5_2cneq,1
otakucode,t5_2qh03,1
otakucode,t5_6,23
otatop,t5_2cneq,0
otatop,t5_6,1
otrov77,t5_2qh0f,1
otrov77,t5_vf2,-2
ouch,t5_mouw,10
outsource,t5_6,1
overneath42,t5_6,11
ovi256,t5_2fwo,10
ovi256,t5_6,-23
ovreucpac,t5_6,1
ow1n,t5_6,1
owlmanatt,t5_2qh03,1
pTymN,t5_6,11
packetguy,t5_6,3
padnpen,t5_6,2
paep,t5_mouw,11
paftdunk,t5_2cneq,24
paftdunk,t5_6,5
panavera,t5_vf2,4
panthrosrevenge,t5_6,3
panzan,t5_6,1
paperhat,t5_6,23
parcivale,t5_6,14
parcivale,t5_mouw,1
parcydarks,t5_6,6
parcydarks,t5_mouw,4
parla,t5_2fwo,1
parla,t5_6,7
paro,t5_6,-12
paromi8,t5_vf2,2
particle,t5_2fwo,4
particle,t5_2qh0f,1
particle,t5_6,2
pascha,t5_2cneq,28
pastafaria,t5_2cneq,-1
pastafaria,t5_6,20
patchwork,t5_6,3
paternoster,t5_6,6
patt,t5_2cneq,2
patt,t5_2fwo,2
patt,t5_6,2
patti11,t5_6,9
patticus,t5_mouw,3
paulcole,t5_6,12
pauls101,t5_2fwo,4
paulsteinway,t5_6,1
pavel_lishin,t5_2cneq,38
pavel_lishin,t5_6,36
pavel_lishin,t5_mouw,68
pavi,t5_6,9
pb_zeppelin,t5_2fwo,20
pbx,t5_2fwo,4
peg_leg,t5_2cneq,7
peg_leg,t5_2fwo,2
peg_leg,t5_6,101
pelirrojo,t5_6,2
penlies,t5_2cneq,1
penlies,t5_6,-2
performance,t5_2cneq,24
performance,t5_6,22
performance,t5_mouw,0
peridyn,t5_6,0
permaculture,t5_2cneq,49
permaculture,t5_6,41
peroyo,t5_6,4
perri,t5_6,4
pestario,t5_mouw,13
peted1884,t5_6,29
petenicely,t5_6,6
peterwschlamp,t5_2cneq,1
peteyH,t5_2qh03,1
peteyH,t5_6,3
peto47,t5_6,16
petrov76,t5_2fwo,2
pets_or_meat,t5_2cneq,14
pets_or_meat,t5_mouw,46
pfisher,t5_6,0
pgardapee,t5_6,3
phantom_slayer,t5_6,0
pharmahormones,t5_2qgzy,0
pharmahormones,t5_6,0
phedre,t5_2cneq,3
phedre,t5_6,2
phelonius,t5_6,48
phil_g,t5_2fwo,1
phil_g,t5_6,10
philchi8,t5_6,2
philh,t5_2fwo,2
philh,t5_6,8
phill0,t5_6,7
phillstac3,t5_6,1
phillstac3,t5_vf2,8
philmoskowitz,t5_6,5
phjr,t5_2fwo,2
phobs,t5_6,21
phoeniks,t5_6,1
phoenixmotivation,t5_6,2
pickel,t5_mouw,6
pietro,t5_2fwo,2
pikonu,t5_2fwo,2
pilt,t5_2fwo,6
pintong,t5_6,1
pip3000,t5_2qh0f,1
pipertax,t5_6,4
piranha,t5_2fwo,4
piranha,t5_6,4
pistoriusp,t5_6,1
pivo,t5_2fwo,34
pivo,t5_6,4
pjdelport,t5_2fwo,5
pkfire,t5_6,2
pkrumins,t5_6,4
pkrumins,t5_mouw,-1
pkulak,t5_6,0
pl0nk,t5_2fwo,13
plasticbacon,t5_6,8
plasticbottle,t5_2cneq,8
plasticbottle,t5_6,3
playeren,t5_6,1
plexluthor,t5_6,1
plzthx,t5_6,4
poco,t5_6,18
podRZA,t5_6,2
podRZA,t5_mouw,-2
poeir,t5_6,19
poelmanc,t5_2cneq,29
poelmanc,t5_6,11
pofigist,t5_247i,1
pofigist,t5_6,1
politics,t5_2cneq,3
polymyxin12,t5_2cneq,22
polyparadigm,t5_2cneq,22
polyparadigm,t5_6,25
polyparadigm,t5_mouw,2
ponder22875,t5_2cneq,5
ponder22875,t5_6,1
ponder22875,t5_mouw,8
pong9pong9,t5_6,1
pongky,t5_2qgzg,1
poonam01,t5_2qgzg,1
popefelix,t5_6,1
pornholio21,t5_6,1
pornqueen,t5_vf2,2
potifer,t5_6,14
potsy,t5_2fwo,-1
powerpants,t5_2cneq,0
powerpants,t5_6,12
ppc1040,t5_6,3
ppinette,t5_6,3
pras,t5_6,-12
pressdocebo,t5_6,1
pretzel,t5_2fwo,17
pretzel,t5_6,4
pretzellogic,t5_mouw,20
primary0,t5_6,13
prockcore,t5_2fwo,1
procrastitron,t5_2fwo,9
procrastitron,t5_6,10
projectileboy,t5_6,11
protoopus,t5_6,4
psilokan,t5_6,-10
psilokan,t5_mouw,1
psilokan,t5_vf2,9
pskomoroch,t5_mouw,3
psrivats,t5_6,-1
psychometry,t5_2cneq,22
psychometry,t5_2fwo,15
psychometry,t5_6,102
psychometry,t5_mouw,171
psykotic,t5_2fwo,19
psykotic,t5_6,18
psyllogism,t5_2cneq,3
psyne,t5_6,45
psyno,t5_2fwo,0
ptyagi,t5_2cneq,1
puetzk,t5_2fwo,1
pufuwozu,t5_2fwo,2
pupeno,t5_247a,1
pupeno,t5_2fwo,14
pwmcdermott,t5_6,1
pythagoruz,t5_6,2
qemqemqem,t5_6,3
qgyh2,t5_6,21
qiqi14,t5_6,2
qldman,t5_6,2
qqasp,t5_6,1
qrswave,t5_2cneq,1
quaju,t5_mouw,3
quakank,t5_2cneq,4
quakank,t5_6,9
quaker1729,t5_mouw,2
quantum-mechanic,t5_6,1
queensnake,t5_2fwo,9
queisser,t5_2fwo,1
quhaha,t5_2fwo,5
quikness,t5_2qgzg,1
quispe67,t5_6,1
qwe1234,t5_2fwo,-71
qwph,t5_2fwo,1
r2002,t5_6,23
r2002,t5_mouw,12
r3m0t,t5_6,5
r3su,t5_2cneq,6
r3su,t5_6,2
r_dr_r,t5_2fwo,57
r_dr_r,t5_6,2
raarky,t5_2fwo,1
rabid_sockpuppet,t5_2fwo,6
rabidgnat,t5_2cneq,3
rabidgnat,t5_2fwo,44
racerx52,t5_6,1
rack88,t5_6,11
radhruin,t5_2cneq,10
radhruin,t5_2fwo,21
radhruin,t5_6,27
raedix,t5_6,67
rafuzo2,t5_2cneq,-9
rafuzo2,t5_6,34
raincoaster,t5_6,2
rainman_104,t5_2cneq,26
rainman_104,t5_2fwo,2
rainman_104,t5_6,16
raj3261,t5_mouw,5
rajbot,t5_2fwo,1
raldi,t5_2fwo,78
raldi,t5_6,730
ralsina,t5_mouw,3
ramen,t5_2fwo,1
rams,t5_2fwo,2
rancmeat,t5_2fwo,4
rancmeat,t5_6,5
randallsquared,t5_6,20
randomb0y,t5_2cneq,11
randomb0y,t5_2fwo,12
randomb0y,t5_6,15
randomb0y,t5_mouw,3
randomd00d,t5_6,1
rangervsorc,t5_6,2
ranjitnmenon,t5_6,1
ranma,t5_6,2
ranscot,t5_2fwo,2
raofwumfs,t5_mouw,1
ratbear,t5_2cneq,8
rats99ass,t5_6,4
ratzero,t5_6,-2
ratzero,t5_mouw,4
raubry,t5_6,1
ravan,t5_6,1
ravinderreddy,t5_6,1
raymondblog,t5_6,2
razorhack,t5_6,1
rbnfsh,t5_6,8
rcrawford79,t5_6,0
rcut,t5_2cneq,1
rcut,t5_mouw,7
rdixon,t5_6,1
rds260,t5_2cneq,-16
rds260,t5_6,4
readarrot,t5_6,0
reader999,t5_6,8
readerbeedj,t5_2cneq,6
realestatebox,t5_6,1
rebolek,t5_mouw,10
reconbot,t5_6,8
recursion,t5_6,2
redbone,t5_6,10
redbone,t5_mouw,2
reddit_dissenter,t5_2cneq,-10
reddit_dissenter,t5_6,1
reddit_dissenter,t5_mouw,-2
reddit_doe,t5_2cneq,-2
reddit_user13,t5_2cneq,3
reddit_user13,t5_6,23
reddit_user13,t5_mouw,0
redditacct,t5_2cneq,12
redditacct,t5_6,34
redditacct,t5_mouw,5
redditcensoredme,t5_2cneq,4
redditcensoredme,t5_2fwo,-1
redditcensoredme,t5_6,13
redditcensoredme,t5_mouw,-17
redditmarketingguy,t5_6,1
redditnoob,t5_2cneq,1
redditnoob,t5_2fwo,-5
redditnoob,t5_6,14
redditnoob,t5_mouw,19
redhatcat,t5_6,13
redification,t5_6,1
rednukleus,t5_6,2
redog,t5_2cneq,-6
redog,t5_2fwo,2
redog,t5_6,64
reed311,t5_2cneq,-11
reed311,t5_6,8
reedikulus,t5_6,1
reeetort,t5_6,-5
reetort,t5_6,-3
reflibman,t5_2cneq,10
reflibman,t5_6,53
reflibman,t5_mouw,5
reflibman,t5_vf2,7
refusenik,t5_2cneq,6
reggieCasual,t5_6,1
reggplant,t5_6,15
regreddit,t5_6,2
rejex,t5_2qgzg,1
remims,t5_6,1
remotedevice,t5_6,9
renegade,t5_6,3
rense,t5_2fwo,3
rense,t5_6,5
repoman,t5_2cneq,14
restore,t5_2cneq,68
restore,t5_6,1
retromom,t5_6,1
retrowebdev,t5_6,0
revdroog,t5_6,1
reveller,t5_6,7
reveller,t5_mouw,19
revence27,t5_2fwo,7
revnoah,t5_2cneq,0
rex_racer,t5_2cneq,1
rex_racer,t5_6,7
rexsilex,t5_6,-5
rfugger,t5_mouw,2
rfulks,t5_6,10
rgh,t5_2fwo,3
rgladstein,t5_2cneq,8
rgladstein,t5_6,10
rhamej,t5_6,2
rheimbuch,t5_6,0
rhizome,t5_mouw,30
richardlilijon,t5_6,2
richhickey,t5_2fwo,138
rickdiculous,t5_2cneq,2
riddle_duck,t5_6,19
ring77,t5_6,1
ringtoneforums,t5_1efbr,2
ripers,t5_6,1
risaliza,t5_6,1
risingasia,t5_2qh0f,1
risingasia,t5_6,1
risottoinc,t5_2fwo,3
risottoinc,t5_6,2
rit,t5_6,1
riverofkarma,t5_6,1
rjcarr,t5_mouw,16
rjonesx,t5_2cneq,2
rjonesx,t5_6,0
rkeller4,t5_1efbr,1
rm999,t5_6,52
rmcrob,t5_2cneq,-1
rmtew,t5_6,1
rmuser,t5_2cneq,2
rmuser,t5_6,65
rnicoll,t5_6,13
roamzero,t5_2cneq,5
roast_beef,t5_2fwo,1
rob75,t5_6,4
robhutten,t5_6,1
robotfuel,t5_6,8
robotfuel,t5_mouw,1
robotsongs,t5_6,28
robywar,t5_2cneq,35
robywar,t5_6,13
robywar,t5_mouw,1
rocco42,t5_6,1
rockicon82,t5_2cneq,7
rockicon82,t5_6,2
rockstar242,t5_2qh0f,2
rocky985,t5_6,1
rocky_m,t5_2cneq,29
roerd,t5_2fwo,6
rogozjin,t5_6,23
rohananeja,t5_2fwo,1
rohananeja,t5_6,1
roland19d,t5_2fwo,7
roland19d,t5_6,9
rollingdivision,t5_2cneq,-25
rollingdivision,t5_6,0
romen,t5_2qh0f,1
ronaldp423,t5_2qgzg,1
ronenkroch,t5_6,0
ronito,t5_2fwo,5
rook2pawn,t5_2cneq,7
rook2pawn,t5_6,0
rook2pawn,t5_mouw,17
rooroo,t5_2cneq,5
rooroo,t5_2fwo,33
rooroo,t5_6,0
rotll,t5_2cneq,1
rotll,t5_6,-5
rowd149,t5_mouw,7
rox_midge,t5_6,39
rraaarr,t5_6,37
rsynnott,t5_2fwo,38
rthomas6,t5_2cneq,15
rthomas6,t5_6,15
rthomas6,t5_mouw,4
rubenshakkamacher,t5_2cneq,1
rubenshakkamacher,t5_6,55
ruediger,t5_2fwo,1
ruimar,t5_6,1
rujith,t5_6,18
rukubites,t5_2fwo,2
rukubites,t5_6,37
runnig,t5_2fwo,2
ryanissuper,t5_2cneq,8
ryanissuper,t5_6,24
ryanknapper,t5_2cneq,20
ryanknapper,t5_6,27
ryanknapper,t5_mouw,17
ryanknapper,t5_vf2,5
ryanu,t5_2cneq,26
rye419,t5_2cneq,42
rye419,t5_6,71
ryepup,t5_2fwo,4
s-m-a-c-k,t5_6,7
s-m-a-c-k,t5_mouw,20
sa7ouri,t5_2cneq,7
sabat,t5_2cneq,1
sacherjj,t5_6,45
safishb,t5_2cneq,2
sakebomb69,t5_2cneq,3
sakebomb69,t5_6,7
sakri,t5_6,14
sam512,t5_2cneq,1
sam512,t5_6,20
samasugi,t5_6,1
sambo357,t5_2fwo,3
sambo357,t5_6,18
samchad,t5_6,3
samfoo,t5_mouw,1
sammyla,t5_2qh0f,1
sammyla,t5_6,1
sammyo,t5_6,14
sanazlapeh,t5_2qgzy,1
sandmonkey,t5_2cneq,4
sans-serif,t5_2fwo,5
sarahfrancesca,t5_6,10
saralk,t5_6,1
sarib,t5_6,-2
satellitetvguru,t5_6,1
satertek,t5_2cneq,4
satertek,t5_6,0
sauce71,t5_6,7
savvyskin,t5_6,1
sazj,t5_2fwo,3
sblinn,t5_2cneq,8
sblinn,t5_2fwo,43
sblinn,t5_2qh03,4
sblinn,t5_6,16
sbrown123,t5_2fwo,103
sbrown123,t5_6,4
schala09,t5_2fwo,7
schar,t5_mouw,2
schizobullet,t5_2cneq,2
schizobullet,t5_2fwo,7
schizobullet,t5_6,1
schizobullet,t5_mouw,35
schlenk,t5_2fwo,6
schloop,t5_mouw,1
schmecky,t5_6,4
schmendrick,t5_2cneq,0
schmendrick,t5_6,1
schnuck,t5_2cneq,16
schnuck,t5_2fwo,11
schnuck,t5_6,1
schonchin,t5_6,2
schtum,t5_2cneq,30
schtum,t5_6,27
schwa23,t5_2fwo,5
schwarzedrache,t5_2fwo,8
schwarzedrache,t5_6,15
schwarzwald,t5_2fwo,6
schwetank,t5_6,2
sciolizer,t5_2fwo,1
scoobyis2cool,t5_2qh0f,1
scoobyis2cool,t5_6,4
scordatura,t5_6,1
scorpan,t5_6,6
scottbre,t5_2cneq,4
scottzed,t5_6,2
scourgeoftheright,t5_2cneq,3
scrag45,t5_6,1
scribe9999,t5_6,1
scriggities,t5_6,3
scrotum,t5_2fwo,12
scrotum,t5_6,1
sdmolof,t5_6,3
sdn,t5_2cneq,70
sdn,t5_6,1
seabre,t5_2fwo,3
seamusm,t5_6,5
seanodonnell,t5_2fwo,12
sebyyc,t5_6,2
secret1234,t5_6,3
seeastory,t5_6,2
seejaysly,t5_6,1
seertaak,t5_2cneq,1
seertaak,t5_6,12
seertaak,t5_mouw,15
seetheglobey,t5_6,1
segv,t5_6,30
segv,t5_vf2,2
seletarmed,t5_6,1
sellinf,t5_2qh0f,1
sempf,t5_6,27
sergiodonato,t5_6,1
serhei,t5_2fwo,4
serpentjaguar,t5_2cneq,2
serpentjaguar,t5_6,21
serudla,t5_2fwo,2
sesh,t5_6,21
sethg,t5_2fwo,4
setrajonas,t5_6,6
setuid_w00t,t5_2fwo,7
setuid_w00t,t5_6,13
seven,t5_6,28
sewiv,t5_6,26
sfmaven,t5_6,3
sgholt,t5_6,-1
sh_hs,t5_2qh0f,2
shabby47,t5_2cneq,20
shabby47,t5_6,11
shacamin,t5_6,1
shacklefordrusty,t5_2cneq,7
shadowcast,t5_6,10
shaft0rz,t5_2fwo,1
shaluka,t5_6,1
sharkee,t5_mouw,1
shaurz,t5_2fwo,10
shawna_m,t5_6,2
shellerik,t5_6,1
shellerik,t5_mouw,4
shen,t5_6,7
shenglong,t5_6,3
shimei,t5_6,1
shiner_man,t5_2cneq,-65
shiner_man,t5_6,85
shirarae,t5_6,1
shit,t5_2cneq,15
shit,t5_2fwo,10
shit,t5_6,2
shizzy0,t5_2cneq,3
shortarmed,t5_2cneq,-4
shortarmed,t5_6,2
shorugoru,t5_2cneq,4
shorugoru,t5_6,10
showard,t5_6,1
shrinkwrapped1,t5_2qgzg,1
shuael,t5_2cneq,23
shuael,t5_6,4
shub,t5_2fwo,9
sickofthisshit,t5_2cneq,4
sickofthisshit,t5_2fwo,83
sickofthisshit,t5_6,23
sickofthisshit,t5_mouw,4
sid13,t5_6,41
sideways,t5_2cneq,1
sideways,t5_6,33
sidewinder117,t5_6,1
sidreddit,t5_6,1
sierranighttide,t5_6,0
sigzero,t5_2cneq,16
sigzero,t5_2fwo,6
silence_hr,t5_6,17
silentbobsc,t5_6,1
silouan,t5_6,1
silvan,t5_6,1
silverwolfe,t5_6,7
silverwoodchuck47,t5_6,15
silverwoodchuck47,t5_mouw,3
simen,t5_2fwo,7
simen,t5_6,54
simonjp,t5_2cneq,8
simonjp,t5_6,1
simonw,t5_2fwo,25
sincub,t5_6,1
sinlung,t5_2cneq,1
sipuder,t5_2qh0f,1
sipuder,t5_6,1
siqtictorn,t5_6,1
sirdaf,t5_2qgzt,1
sirlearnsalot,t5_6,3
sirpaulsbuddy,t5_2cneq,3
sirpaulsbuddy,t5_6,3
sixstrings,t5_mouw,49
sjbaue,t5_6,-3
sjf,t5_2fwo,16
sjs,t5_2fwo,46
sjs,t5_2h84o,3
skateluv,t5_2cneq,1
skay,t5_6,22
skeez,t5_2cneq,3
skeez,t5_6,6
skeez,t5_mouw,2
skeptic,t5_mouw,16
sketerpot,t5_2fwo,9
sketerpot,t5_6,24
sketerpot,t5_mouw,5
skewe,t5_6,5
skorgu,t5_1rqwi,1
skorgu,t5_2fwo,22
skraps,t5_6,65
skynxnex,t5_6,2
slabgorb,t5_2cneq,4
slana,t5_6,0
slaur,t5_6,-12
slb,t5_2cneq,45
slb,t5_6,86
sleepingsquirrel,t5_2fwo,7
sleet,t5_6,1
slevin,t5_mouw,0
slickmx0,t5_vf2,2
sligowaths,t5_vf2,3
slimdizzy,t5_2fwo,-1
slimtex,t5_2qh0f,1
slomo68,t5_6,3
slothman608,t5_6,5
slotvent,t5_6,1
slurpme,t5_2fwo,1
slurpme,t5_2qh03,0
slurpme,t5_6,0
sm36ith,t5_6,7
smacfarl,t5_2cneq,18
smacfarl,t5_2fwo,7
smacfarl,t5_2h84o,5
smacfarl,t5_6,126
smakusdod,t5_6,-1
smakusdod,t5_mouw,1
smalldu,t5_2fwo,15
sman,t5_6,1
smashcrab,t5_2fwo,1
smatty1,t5_2cneq,9
smatty1,t5_6,2
smelendez,t5_6,2
smithparker,t5_mouw,1
smoknjuan,t5_6,1
sn0re,t5_2cneq,10
sn0re,t5_2fwo,34
sn0re,t5_6,115
sn0re,t5_mouw,9
snark42,t5_2cneq,2
snarkfish,t5_6,1
sniles,t5_6,15
snookums,t5_2cneq,21
snookums,t5_2qh03,5
snookums,t5_6,5
sob062571,t5_6,3
social,t5_2cneq,5
social813,t5_6,1
socks,t5_6,5
softrise,t5_6,3
somacore,t5_6,4
sonicreducer333,t5_2cneq,6
sootheaway,t5_6,1
sorbix,t5_6,10
sosuke,t5_6,28
souldrift,t5_2cneq,34
souldrift,t5_6,21
soulscreme,t5_6,1
soyabstemio,t5_6,77
spabasket,t5_6,1
spaceghoti,t5_6,1
spaceman,t5_6,9
spagifts,t5_6,1
spark54,t5_6,3
spark54,t5_mouw,4
sparkysko,t5_2cneq,2
sparkysko,t5_6,1
spatterlight,t5_6,1
spec_cor,t5_2qgzt,1
speedwank,t5_6,1
spencewah,t5_6,2
spez,t5_2fwo,52
spez,t5_6,545
spif,t5_6,40
spike,t5_6,4
spiker611,t5_6,1
sping,t5_2cneq,1
sping,t5_2fwo,15
sping,t5_2qgzt,2
sping,t5_6,0
sping,t5_mouw,7
spliffy,t5_6,6
spocksbrain,t5_6,1
sporksmith,t5_6,33
spot35,t5_2fwo,2
spot35,t5_6,20
spot35,t5_mouw,1
spotcatbug,t5_2fwo,-2
spotcatbug,t5_6,59
spotcatbug,t5_mouw,27
spurcill,t5_6,1
spuur,t5_2fwo,4
spuur,t5_6,24
squidont,t5_6,2
squigs,t5_6,5
sriramgopalan,t5_2cneq,1
sriramgopalan,t5_6,2
srmatto,t5_6,1
srv,t5_2fwo,10
srv,t5_6,13
ssanders82,t5_2qgzy,1
st3phen,t5_6,3
stacecom,t5_2cneq,0
stacecom,t5_6,18
stacecom,t5_mouw,4
stacy75,t5_6,8
stanleypane,t5_6,1
stany,t5_6,1
star-d,t5_2cneq,1
starfox863,t5_6,-5
starik777,t5_2qgzt,0
starik777,t5_6,0
starrychloe,t5_6,1
startdust16,t5_6,1
startinga,t5_6,1
state_of_alert,t5_vf2,4
statictype,t5_2fwo,4
stcredzero,t5_2fwo,21
stcredzero,t5_6,6
stefutu,t5_6,0
steinmb,t5_2cneq,2
stelmate,t5_6,0
stelyopasa,t5_2478,4
sterne,t5_2fwo,2
sterne,t5_6,4
stesch,t5_2fwo,13
stesch,t5_mouw,2
steve93,t5_6,16
stevefolta,t5_2fwo,2
steveg,t5_2cneq,7
steveg,t5_mouw,15
steven_h,t5_2fwo,1
stevencsf,t5_6,3
stewart222,t5_6,2
sti3,t5_6,-4
stillwagon428,t5_6,1
stmiller,t5_2cneq,1
stmiller,t5_6,2
stomicron,t5_6,21
stopit,t5_6,-15
stopmotionsunrise,t5_2fwo,1
stopmotionsunrise,t5_mouw,1
strax,t5_2cneq,30
strax,t5_6,23
strokerAce,t5_6,3
strolls,t5_2cneq,14
strolls,t5_6,6
strolls,t5_mouw,2
stubbs89,t5_2qh0f,1
studentopinion,t5_6,5
stunt_penguin,t5_2cneq,5
stunt_penguin,t5_6,40
stupendousman,t5_6,3
stupendousman,t5_mouw,30
stutheidiot,t5_2cneq,11
subredditnazi,t5_6,5
subschool,t5_6,6
substeam,t5_6,0
sugarandice,t5_2fwo,7
sugarandice,t5_6,30
sundeepm,t5_6,1
sunexplodes,t5_6,14
sunilb,t5_6,1
supaphly42,t5_2cneq,35
supaphly42,t5_2fwo,6
supaphly42,t5_6,59
supaphly42,t5_mouw,-1
supaphly42,t5_vf2,0
superjuan,t5_mouw,118
supermike,t5_6,1
superwinky,t5_6,3
suppedup,t5_6,1
surajbarkale,t5_2fwo,16
surajbarkale,t5_2qh03,1
surajbarkale,t5_6,9
surfer6,t5_6,0
surfwax95,t5_mouw,-5
suroburo,t5_2cneq,1
suryateja,t5_6,2
susie67,t5_6,1
svantuss,t5_2cneq,14
svantuss,t5_6,22
svantuss,t5_mouw,19
sw17ch,t5_2cneq,2
sw17ch,t5_2fwo,10
sw17ch,t5_6,24
sw32,t5_6,-1
swagohome,t5_2cneq,7
swanc,t5_6,1
swede,t5_2cneq,2
swede,t5_6,2
swhitt,t5_6,17
swieton,t5_6,32
swimmerstud,t5_2cneq,10
swimmerstud,t5_6,64
swimmerstud,t5_mouw,22
sylvan,t5_2cneq,9
sylvan,t5_6,56
sylvia_v,t5_6,1
syn-abounds,t5_6,5
synaptikk,t5_2qh03,1
syntax,t5_2fwo,20
synthespian,t5_6,1
synthpop,t5_6,5
szembek,t5_6,45
t_w,t5_6,2
tacitus1,t5_2cneq,7
tacitus1,t5_6,2
tackle,t5_mouw,5
tadrinth,t5_2qh03,3
tadrinth,t5_6,3
tadrinth,t5_mouw,17
taejo,t5_2fwo,1
taejo,t5_6,1
tagor,t5_2fwo,2
tagor,t5_6,0
taintedhero,t5_2cneq,10
taliswolf,t5_2qh03,3
talkha,t5_6,2
tallblondguy,t5_6,1
tanger,t5_2fwo,36
tankdilla,t5_6,2
tanstaafl90,t5_2cneq,8
tanstaafl90,t5_6,23
tanyaflicker,t5_6,1
tapsocial1,t5_6,1
tapsocial1,t5_mouw,1
targetx,t5_6,1
tashbarg,t5_2fwo,2
tashbarg,t5_6,23
taw,t5_2fwo,2
taylortsides,t5_6,2
tayssir,t5_6,1
tboy321025,t5_6,1
tch,t5_2qh03,2
tch,t5_6,10
tcjsager,t5_6,1
tdehnel,t5_6,1
teamkitty,t5_6,2
teatree,t5_6,1
technomancy,t5_2fwo,22
technosaur,t5_2qgzy,2
technosaur,t5_6,52
technothrasher,t5_6,36
tedted,t5_6,4
teetow,t5_6,8
tehdiplomat,t5_2qh03,5
tehdiplomat,t5_6,2
tehfink,t5_6,1
tehgreek,t5_6,3
tehowe,t5_6,1
tekronis,t5_6,3
telecaster,t5_2cneq,5
telecaster,t5_6,4
temp11205,t5_vf2,0
temporaryaccount,t5_2fwo,-1
temporaryaccount,t5_6,7
termite101,t5_6,1
tfp,t5_2fwo,-3
tghw,t5_2cneq,4
thadjudkins,t5_6,2
thamer,t5_2fwo,7
thamer,t5_6,12
thatch,t5_6,37
thatswhatshesaid,t5_6,1
thatswhatshesaid,t5_mouw,-1
thatswhatshesaid,t5_vf2,0
thatswhatyouget,t5_6,102
theCelestrian,t5_6,1
theDrWho,t5_2cneq,26
theDrWho,t5_2fwo,5
theDrWho,t5_2qgzt,1
theDrWho,t5_6,61
theDrWho,t5_mouw,5
the_first_rule,t5_2cneq,3
the_first_rule,t5_6,11
the_first_rule,t5_mouw,19
the_foo_maker,t5_2qgzy,1
the_mgt,t5_2fwo,2
the_observer,t5_6,1
the_wondering_jew,t5_2fwo,-5
the_wondering_jew,t5_6,6
theapolloproject,t5_6,5
theatheistheeb,t5_6,1
thecompletegeek,t5_6,24
thedcshuffle,t5_2cneq,1
thedeanmachine,t5_6,0
thedeanmachine,t5_mouw,1
thedeevolution,t5_6,2
thedeevolution,t5_mouw,2
thedward,t5_6,3
theeth,t5_2cneq,17
theeth,t5_2fwo,3
theeth,t5_6,54
theflightless,t5_6,4
thehigherlife,t5_6,31
theidiot,t5_6,8
thejamez,t5_6,1
theplatypus,t5_6,2
theprime,t5_6,14
theram4,t5_2cneq,1
therealtman,t5_6,8
theseusastro,t5_6,3
thespace,t5_2cneq,0
thesqlguy,t5_2qh03,2
thinkerx,t5_vf2,2
thirdoffive,t5_6,1
thirdoffive,t5_mouw,2
thisguy,t5_2fwo,1
thomasknowland,t5_mouw,2
thomasnikson,t5_6,0
thomaswhite,t5_6,2
thoomfish,t5_2fwo,29
thorgeir23,t5_6,1
thotsa,t5_6,2
thrakhath,t5_6,5
threnody,t5_2cneq,2
threnody,t5_6,21
threnody,t5_mouw,0
throwaway,t5_2fwo,1
throwaway,t5_mouw,5
thunder_rob,t5_6,2
tia-marie,t5_2fwo,23
tia-marie,t5_6,40
tictock,t5_6,22
tidder8,t5_6,1
tidderdit,t5_vf2,0
tienshiao,t5_6,1
tierrie,t5_2cneq,15
tierrie,t5_6,3
tigerthink,t5_6,12
tigerthink,t5_mouw,5
timclark,t5_2fwo,2
timeywimey,t5_6,32
timeywimey,t5_mouw,0
timmyrich,t5_2qgzy,2
timschon,t5_6,1
tina_2_flyy,t5_6,1
ting,t5_6,30
tinha,t5_6,1
tinhat,t5_2cneq,3
tinhat,t5_6,9
titaniumjackal,t5_6,11
tizby,t5_2478,2
tj9582,t5_2fwo,1
tjones_2005a,t5_2cneq,10
tk423,t5_6,8
tkinder,t5_2qgzg,1
tkinder,t5_2qgzt,1
tkinder,t5_2qh0f,1
tkinder,t5_6,1
tmanitu,t5_6,2
tminionman,t5_6,0
tminionman,t5_vf2,0
tms,t5_6,3
tnlin1,t5_6,1
tntnews,t5_2cneq,2
tntnews,t5_6,1
tntnews,t5_mouw,1
tntnews,t5_vf2,3
toastofallnations,t5_2cneq,-5
toastofallnations,t5_6,6
toastspork,t5_2cneq,19
toastspork,t5_2fwo,34
toastspork,t5_6,34
toba,t5_2fwo,2
todd12,t5_vf2,2
toilnaa,t5_2qh0f,1
toilnaa,t5_6,2
tolas,t5_2fwo,2
tolas,t5_6,18
tomjen,t5_6,-1
tomjen,t5_mouw,-24
tommis,t5_2fwo,2
tommis,t5_6,3
tonfa,t5_2fwo,1
tony28,t5_2cneq,8
tony28,t5_6,83
tony28,t5_mouw,18
tony28,t5_vf2,2
tonyhajdu,t5_2cneq,7
tonyj_glasgow,t5_6,12
tonysticks,t5_6,1
toolow,t5_2cneq,4
toonces,t5_2cneq,22
toonces,t5_6,1
tootie,t5_2cneq,5
tootie,t5_6,1
topcialis,t5_6,1
tophatstuff,t5_2fwo,1
topherclay,t5_6,8
topphentermine,t5_6,1
toptramadol,t5_6,1
topviagra,t5_6,1
tortus,t5_2fwo,5
toru,t5_mouw,2
tourindia,t5_6,1
toyboat,t5_6,19
tphandbook,t5_6,0
tphyahoo,t5_2fwo,3
tphyahoo,t5_6,1
tpodr,t5_6,21
trae,t5_2fwo,3
trasean,t5_6,-1
trashxpop,t5_6,1
traverse,t5_6,2
trdrnvstr,t5_6,1
treagan,t5_6,11
treebright,t5_2cneq,1
treebright,t5_vf2,-1
treefrog,t5_6,4
tremor_tj,t5_2cneq,1
trengbu,t5_2cneq,-4
trengbu,t5_mouw,7
treyjp,t5_6,0
treypat1,t5_6,1
trickos,t5_2fwo,24
tridentgum,t5_2fwo,1
tridentgum,t5_6,1
trim17,t5_2fwo,3
trim17,t5_6,167
tripa,t5_2fwo,6
tritium6,t5_6,11
trivial,t5_2cneq,21
trivial,t5_6,34
trivial,t5_mouw,4
trivialicious,t5_6,1
triztrz,t5_2qh0f,1
triztrz,t5_6,1
troymcdavis,t5_2cneq,4
troymcdavis,t5_6,1
try_chackson,t5_6,1
trypto,t5_6,4
tspiteri,t5_6,2
tsteele93,t5_6,84
tsteele93,t5_mouw,4
tubelight,t5_6,2
tuber,t5_2cneq,25
tugteen,t5_6,1
tupal,t5_6,43
tupal,t5_mouw,18
turbothy,t5_6,15
turkourjurbs,t5_6,1
turkourjurbs,t5_mouw,-1
tuxedoXpress,t5_2qgzg,1
tuxedoXpress,t5_6,2
tvon,t5_mouw,3
tweekyg,t5_6,0
twinklestar2007,t5_6,14
twinklestar2007,t5_mouw,-2
twinklestar2007,t5_vf2,0
twistedcain,t5_6,10
twoodfin,t5_2cneq,0
twoodfin,t5_2fwo,-14
twoodfin,t5_6,45
twowheels,t5_6,13
ty180sx,t5_6,1
tycy,t5_2qgzt,2
tycy,t5_2qh03,1
tycy,t5_6,3
tylerdmace,t5_1rqwi,4
tylerdmace,t5_2fwo,4
typesmith,t5_6,160
typical_reddit_user,t5_2cneq,-12
typical_reddit_user,t5_6,-37
u2boy_nl,t5_mouw,9
u2charger,t5_6,2
u2knapp,t5_2cneq,30
uberstuber,t5_6,15
ubikwitous,t5_6,4
ubuntuedgy,t5_2cneq,7
ubuntuedgy,t5_2fwo,-6
ubuntuedgy,t5_6,143
ubuntuguy,t5_6,9
uedauhes,t5_2fwo,2
ukdkbr,t5_mouw,4
ukissmehehe,t5_2qh0f,1
ukissmehehe,t5_6,0
ultimatt42,t5_2fwo,1
ultimatt42,t5_6,51
ultimatt42,t5_mouw,1
umutbaba21,t5_6,2
unchow,t5_6,5
unchow,t5_mouw,1
uncleosbert,t5_2cneq,47
uncleosbert,t5_6,64
uncleosbert,t5_mouw,2
underthelinux,t5_6,56
underthelinux,t5_vf2,7
underthesun,t5_6,2
unexpected,t5_2fwo,5
ungood,t5_mouw,5
unknown_lamer,t5_2fwo,24
unrealious,t5_2cneq,23
unrealious,t5_6,10
unrealious,t5_mouw,2
unsung23,t5_6,7
uri2007,t5_6,5
uriel,t5_2fwo,1
uriel,t5_6,17
username223,t5_2fwo,27
utbandit,t5_6,43
utexaspunk,t5_2cneq,4
utexaspunk,t5_2fwo,80
utexaspunk,t5_6,57
vacelts,t5_6,1
vademecum,t5_6,2
vademecum,t5_mouw,2
vagif,t5_2fwo,14
vagif,t5_mouw,1
vagmi,t5_2fwo,7
vallisarvani,t5_mouw,1
vandelay,t5_6,2
vanislander,t5_6,7
vanislander,t5_mouw,14
vanjulio,t5_6,3
vardhan,t5_6,1
vecter,t5_2fwo,1
veganbikepunk,t5_6,-9
vemrion,t5_2cneq,6
venjax,t5_2fwo,4
verstohlen,t5_6,2
vetler,t5_2fwo,28
vexxor,t5_2fwo,2
vezquex,t5_2fwo,15
vezquex,t5_2qgzt,1
vicky_buddie,t5_6,0
viclopez,t5_2cneq,2
victorpsl,t5_6,1
videoseekr,t5_2fwo,2
viglen,t5_2cneq,-1
viglen,t5_6,48
viglen,t5_mouw,1
vik20000in,t5_2fwo,2
vilkarn,t5_2cneq,4
vineetk,t5_2cneq,0
vineetk,t5_6,0
vitummedicinus,t5_6,1
vk0,t5_2fwo,5
voip,t5_6,1
vonadler,t5_6,75
vph,t5_2fwo,7
vplatt,t5_6,7
w-g,t5_2fwo,10
w0073r,t5_2cneq,17
w3weasel,t5_2cneq,2
wageslave,t5_6,14
wahoorob,t5_2cneq,1
wahoorob,t5_6,9
wainstead,t5_2cneq,1
wainstead,t5_mouw,3
wake_up2000,t5_6,1
walaboom,t5_6,1
walrod,t5_6,1
walrus99,t5_6,2
wanderful,t5_6,35
warsawpact,t5_6,-3
wartexmaul,t5_6,-11
washcapsfan37,t5_2cneq,7
washcapsfan37,t5_6,10
washort,t5_2fwo,2
watts,t5_6,1
wazzadoin,t5_mouw,1
wbeavis,t5_6,11
wbeavis,t5_mouw,6
weagame,t5_6,2
wearedevo,t5_2cneq,3
wearedevo,t5_2fwo,1
wearedevo,t5_6,3
weavejester,t5_2fwo,7
webcosmo,t5_6,3
webmaster99,t5_6,1
webnrrd2k,t5_2cneq,1
weegee,t5_2cneq,30
weegee,t5_6,64
weegee,t5_mouw,4
weegee,t5_vf2,1
weejFMM,t5_6,3
weixiyen,t5_6,0
welch6980,t5_6,0
wendelgee2,t5_mouw,3
wenwon,t5_6,5
westsan,t5_2fwo,1
westsan,t5_6,4
wesumd,t5_2fwo,21
wesumd,t5_6,76
wesumd,t5_mouw,62
wetelectric,t5_6,11
wetelectric,t5_mouw,10
wgardenhire,t5_6,1
whatintheworldisthat,t5_6,10
whatintheworldisthat,t5_mouw,2
whereverjustice,t5_6,7
whiskeymango,t5_6,1
whiteinge,t5_2fwo,5
whitlock,t5_6,5
whitlock,t5_mouw,1
wil2200,t5_2cneq,0
wilatnus,t5_2qh0f,1
willfe,t5_6,1
willia4,t5_2fwo,3
willis77,t5_6,2
winnipegtommy,t5_6,3
wirbolwabol,t5_6,3
witten,t5_6,32
wizard16,t5_vf2,1
wkukinslayer,t5_6,2
wlowell05,t5_6,4
wmil,t5_6,1
wnoise,t5_2cneq,15
wnoise,t5_2fwo,3
wnoise,t5_6,14
wockyman,t5_2cneq,10
wockyman,t5_6,162
wohho,t5_6,1
wolf550e,t5_2fwo,5
wolfsleepy,t5_2cneq,51
woman,t5_6,1
wonderfibre,t5_6,14
wonderwoman,t5_6,4
wordsNtricks,t5_6,8
wozer,t5_2fwo,18
wparsons,t5_6,11
wraithx,t5_6,10
wreckingcru,t5_6,2
writejdp,t5_2cneq,2
wtf_ever,t5_6,4
wustudybreak,t5_2fwo,0
wutzurproblem,t5_2cneq,5
wutzurproblem,t5_6,19
x3n0s,t5_6,7
xach,t5_2fwo,22
xaje,t5_2cneq,1
xaje,t5_6,7
xavierh,t5_2cneq,0
xcbsmith,t5_2cneq,39
xcbsmith,t5_2fwo,18
xcbsmith,t5_6,6
xela321,t5_6,3
xftwitch,t5_6,8
xhacker,t5_2fwo,1
xian,t5_6,2
xil,t5_3b8o,1
xingyunchen,t5_6,1
xipetotec,t5_6,3
xitshsif,t5_2fwo,10
xitshsif,t5_6,2
xoner2,t5_2fwo,0
xrobau,t5_6,1
xsspd2004,t5_2fwo,1
xsspd2004,t5_2qgzt,2
xsspd2004,t5_6,3
xsspider,t5_6,2
xsspider,t5_mouw,0
xutopia,t5_2cneq,22
xxxsagaxxx,t5_2qh03,1
xxxsagaxxx,t5_6,37
xxxsagaxxx,t5_vf2,0
xyphus,t5_2cneq,10
xyphus,t5_2fwo,8
xyphus,t5_6,43
xyyx,t5_6,5
xyzzyx23,t5_mouw,1
xzxzzx,t5_2fwo,23
xzxzzx,t5_6,52
y_gingras,t5_6,13
ya_akov,t5_2fwo,16
yahaya,t5_6,96
yakugo,t5_2cneq,6
yakugo,t5_6,1
yanni,t5_2qgzt,1
yaruki_zero,t5_6,23
yasuro,t5_2cneq,1
yaxriifgyn,t5_6,1
yellat,t5_2cneq,12
yellat,t5_6,3
yellowbkpk,t5_2fwo,2
yellowking,t5_2fwo,5
yellowking,t5_6,112
yellowking,t5_mouw,164
yinzhen,t5_6,1
yishan,t5_6,1
yo_alexandre,t5_6,1
yoda17,t5_2fwo,7
yoda17,t5_6,11
yoda17,t5_mouw,1
yojspew,t5_6,9
yoodle,t5_6,1
yorkydee,t5_2cneq,1
youchoose2,t5_6,2
yourdaughter,t5_2cneq,0
youremyjuliet,t5_6,21
yourpopquizkid,t5_6,25
yqyigong,t5_2cneq,1
yulchitai,t5_247i,1
yumology,t5_6,0
yupko,t5_6,1
yupko,t5_mouw,1
yurbud,t5_2cneq,1
yuubi,t5_2fwo,41
yuubi,t5_6,8
z3r0w8,t5_6,2
z5h,t5_2fwo,6
zacdenver,t5_2cneq,1
zacdenver,t5_6,29
zacha,t5_2cneq,2
zacha,t5_6,24
zahope,t5_6,1
zakalwe30,t5_6,4
zakhar,t5_2qh03,2
zangorn,t5_6,5
zaphodi,t5_6,3
zaphodi,t5_vf2,1
zaretina,t5_6,14
zeeta6,t5_6,17
zeldamaster666,t5_2fwo,1
zem,t5_2fwo,4
zem,t5_6,2
zem,t5_mouw,3
zerge,t5_2fwo,1
zeroelixis,t5_6,-2
zerokey,t5_6,2
zestrilanosa,t5_6,1
zeteo,t5_2cneq,9
zhokuai,t5_2cneq,1
zhokuai,t5_6,-15
zhokuai,t5_mouw,21
zhokuai,t5_vf2,18
zinger909,t5_6,0
ziont,t5_6,1
zipdog,t5_2cneq,15
zipdog,t5_6,23
zmigliozzi,t5_2cneq,5
zmigliozzi,t5_6,4
zmigliozzi,t5_mouw,2
zmonk2,t5_6,4
zmonk2,t5_mouw,2
zodmczod,t5_6,1
zoli,t5_6,2
zombieaynrand,t5_6,0
zoomzoom83,t5_2fwo,1
zoomzoom83,t5_6,222
zorno,t5_2cneq,1
zorno,t5_6,2
zouhair,t5_2cneq,2
zouhair,t5_6,17
zrezvi,t5_6,2
zubinmadon,t5_6,2
zundra,t5_6,34
zvnthynn,t5_6,3
zxcvcxz,t5_vf2,-4
zxpetra,t5_6,0
zxpetra,t5_mouw,-1
zxsw85,t5_mouw,1
zyx,t5_6,2
zzbzq,t5_6,1
zzz1357,t5_2cneq,4
